-- phpMyAdmin SQL Dump
-- version 4.5.1
-- http://www.phpmyadmin.net
--
-- Host: 127.0.0.1
-- Generation Time: Oct 19, 2018 at 08:33 PM
-- Server version: 10.1.19-MariaDB
-- PHP Version: 7.0.13

SET SQL_MODE = "NO_AUTO_VALUE_ON_ZERO";
SET time_zone = "+00:00";


/*!40101 SET @OLD_CHARACTER_SET_CLIENT=@@CHARACTER_SET_CLIENT */;
/*!40101 SET @OLD_CHARACTER_SET_RESULTS=@@CHARACTER_SET_RESULTS */;
/*!40101 SET @OLD_COLLATION_CONNECTION=@@COLLATION_CONNECTION */;
/*!40101 SET NAMES utf8mb4 */;

--
-- Database: `laravel_eapi`
--

-- --------------------------------------------------------

--
-- Table structure for table `migrations`
--

CREATE TABLE `migrations` (
  `id` int(10) UNSIGNED NOT NULL,
  `migration` varchar(191) COLLATE utf8mb4_unicode_ci NOT NULL,
  `batch` int(11) NOT NULL
) ENGINE=InnoDB DEFAULT CHARSET=utf8mb4 COLLATE=utf8mb4_unicode_ci;

--
-- Dumping data for table `migrations`
--

INSERT INTO `migrations` (`id`, `migration`, `batch`) VALUES
(18, '2014_10_12_000000_create_users_table', 1),
(19, '2014_10_12_100000_create_password_resets_table', 1),
(20, '2016_06_01_000001_create_oauth_auth_codes_table', 1),
(21, '2016_06_01_000002_create_oauth_access_tokens_table', 1),
(22, '2016_06_01_000003_create_oauth_refresh_tokens_table', 1),
(23, '2016_06_01_000004_create_oauth_clients_table', 1),
(24, '2016_06_01_000005_create_oauth_personal_access_clients_table', 1),
(25, '2018_10_18_110500_create_products_table', 1),
(26, '2018_10_18_111414_create_reviews_table', 1);

-- --------------------------------------------------------

--
-- Table structure for table `oauth_access_tokens`
--

CREATE TABLE `oauth_access_tokens` (
  `id` varchar(100) COLLATE utf8mb4_unicode_ci NOT NULL,
  `user_id` int(11) DEFAULT NULL,
  `client_id` int(11) NOT NULL,
  `name` varchar(191) COLLATE utf8mb4_unicode_ci DEFAULT NULL,
  `scopes` text COLLATE utf8mb4_unicode_ci,
  `revoked` tinyint(1) NOT NULL,
  `created_at` timestamp NULL DEFAULT NULL,
  `updated_at` timestamp NULL DEFAULT NULL,
  `expires_at` datetime DEFAULT NULL
) ENGINE=InnoDB DEFAULT CHARSET=utf8mb4 COLLATE=utf8mb4_unicode_ci;

--
-- Dumping data for table `oauth_access_tokens`
--

INSERT INTO `oauth_access_tokens` (`id`, `user_id`, `client_id`, `name`, `scopes`, `revoked`, `created_at`, `updated_at`, `expires_at`) VALUES
('0920bac97912a8be30e7e02d37b2ebe94ca9c5d830ec020a53a1e5d77943f2c1a350c5d20ce062c2', 1, 2, NULL, '[]', 0, '2018-10-19 11:42:06', '2018-10-19 11:42:06', '2019-10-19 16:42:06');

-- --------------------------------------------------------

--
-- Table structure for table `oauth_auth_codes`
--

CREATE TABLE `oauth_auth_codes` (
  `id` varchar(100) COLLATE utf8mb4_unicode_ci NOT NULL,
  `user_id` int(11) NOT NULL,
  `client_id` int(11) NOT NULL,
  `scopes` text COLLATE utf8mb4_unicode_ci,
  `revoked` tinyint(1) NOT NULL,
  `expires_at` datetime DEFAULT NULL
) ENGINE=InnoDB DEFAULT CHARSET=utf8mb4 COLLATE=utf8mb4_unicode_ci;

-- --------------------------------------------------------

--
-- Table structure for table `oauth_clients`
--

CREATE TABLE `oauth_clients` (
  `id` int(10) UNSIGNED NOT NULL,
  `user_id` int(11) DEFAULT NULL,
  `name` varchar(191) COLLATE utf8mb4_unicode_ci NOT NULL,
  `secret` varchar(100) COLLATE utf8mb4_unicode_ci NOT NULL,
  `redirect` text COLLATE utf8mb4_unicode_ci NOT NULL,
  `personal_access_client` tinyint(1) NOT NULL,
  `password_client` tinyint(1) NOT NULL,
  `revoked` tinyint(1) NOT NULL,
  `created_at` timestamp NULL DEFAULT NULL,
  `updated_at` timestamp NULL DEFAULT NULL
) ENGINE=InnoDB DEFAULT CHARSET=utf8mb4 COLLATE=utf8mb4_unicode_ci;

--
-- Dumping data for table `oauth_clients`
--

INSERT INTO `oauth_clients` (`id`, `user_id`, `name`, `secret`, `redirect`, `personal_access_client`, `password_client`, `revoked`, `created_at`, `updated_at`) VALUES
(1, NULL, 'Laravel Personal Access Client', 'ewUfQ5ZmE1hpjcBaGaLp0zVcd0cE0gO98WHMuPYj', 'http://localhost', 1, 0, 0, '2018-10-19 11:39:50', '2018-10-19 11:39:50'),
(2, NULL, 'Laravel Password Grant Client', 'XOO8ggghF6Oa9qUYr3rnlM5mIWJAvChEMO5KIfFf', 'http://localhost', 0, 1, 0, '2018-10-19 11:39:50', '2018-10-19 11:39:50');

-- --------------------------------------------------------

--
-- Table structure for table `oauth_personal_access_clients`
--

CREATE TABLE `oauth_personal_access_clients` (
  `id` int(10) UNSIGNED NOT NULL,
  `client_id` int(11) NOT NULL,
  `created_at` timestamp NULL DEFAULT NULL,
  `updated_at` timestamp NULL DEFAULT NULL
) ENGINE=InnoDB DEFAULT CHARSET=utf8mb4 COLLATE=utf8mb4_unicode_ci;

--
-- Dumping data for table `oauth_personal_access_clients`
--

INSERT INTO `oauth_personal_access_clients` (`id`, `client_id`, `created_at`, `updated_at`) VALUES
(1, 1, '2018-10-19 11:39:50', '2018-10-19 11:39:50');

-- --------------------------------------------------------

--
-- Table structure for table `oauth_refresh_tokens`
--

CREATE TABLE `oauth_refresh_tokens` (
  `id` varchar(100) COLLATE utf8mb4_unicode_ci NOT NULL,
  `access_token_id` varchar(100) COLLATE utf8mb4_unicode_ci NOT NULL,
  `revoked` tinyint(1) NOT NULL,
  `expires_at` datetime DEFAULT NULL
) ENGINE=InnoDB DEFAULT CHARSET=utf8mb4 COLLATE=utf8mb4_unicode_ci;

--
-- Dumping data for table `oauth_refresh_tokens`
--

INSERT INTO `oauth_refresh_tokens` (`id`, `access_token_id`, `revoked`, `expires_at`) VALUES
('6e784d35bd1f415bbac1521a7db49d68acd00006275d1068e44a5ff49787d82fd75e062c4d0f052a', '0920bac97912a8be30e7e02d37b2ebe94ca9c5d830ec020a53a1e5d77943f2c1a350c5d20ce062c2', 0, '2019-10-19 16:42:06');

-- --------------------------------------------------------

--
-- Table structure for table `password_resets`
--

CREATE TABLE `password_resets` (
  `email` varchar(191) COLLATE utf8mb4_unicode_ci NOT NULL,
  `token` varchar(191) COLLATE utf8mb4_unicode_ci NOT NULL,
  `created_at` timestamp NULL DEFAULT NULL
) ENGINE=InnoDB DEFAULT CHARSET=utf8mb4 COLLATE=utf8mb4_unicode_ci;

-- --------------------------------------------------------

--
-- Table structure for table `products`
--

CREATE TABLE `products` (
  `id` int(10) UNSIGNED NOT NULL,
  `name` varchar(191) COLLATE utf8mb4_unicode_ci NOT NULL,
  `detail` text COLLATE utf8mb4_unicode_ci NOT NULL,
  `price` double NOT NULL,
  `stock` int(11) NOT NULL,
  `discount` double NOT NULL,
  `user_id` int(10) UNSIGNED NOT NULL,
  `created_at` timestamp NULL DEFAULT NULL,
  `updated_at` timestamp NULL DEFAULT NULL
) ENGINE=InnoDB DEFAULT CHARSET=utf8mb4 COLLATE=utf8mb4_unicode_ci;

--
-- Dumping data for table `products`
--

INSERT INTO `products` (`id`, `name`, `detail`, `price`, `stock`, `discount`, `user_id`, `created_at`, `updated_at`) VALUES
(1, 'culpa', 'Itaque quia dolore odit est sint numquam. Provident sed voluptate doloribus vero nemo facere. Maiores consequatur voluptatibus nihil est praesentium illum. Molestiae ea quia nam sit at. Accusamus eos et quasi.', 71.25, 7, 48.32, 4, '2018-10-19 11:40:07', '2018-10-19 11:40:07'),
(2, 'maiores', 'Tenetur accusantium minima saepe voluptatem placeat. Ullam nihil nihil temporibus ut enim eaque. Nostrum necessitatibus libero quia ab odit. Est quia earum quidem optio aliquam. Doloribus cum delectus id sunt.', 37.53, 2, 15.74, 3, '2018-10-19 11:40:07', '2018-10-19 11:40:07'),
(3, 'ea', 'Et aperiam ut facilis molestias. Fugiat eius eius provident. Rerum necessitatibus et suscipit inventore. A dicta perferendis rem aut. Quia vitae dolore tempora.', 59.91, 2, 0.37, 1, '2018-10-19 11:40:07', '2018-10-19 11:40:07'),
(4, 'iste', 'Facere et facere aut itaque. Et nostrum debitis enim provident. Illo beatae et nostrum beatae rerum. Molestiae voluptatem repudiandae id libero iste.', 35.37, 5, 4.9, 2, '2018-10-19 11:40:07', '2018-10-19 11:40:07'),
(5, 'qui', 'Aut harum tempore mollitia eius quos eveniet est. Et sit laborum quasi qui. Ipsa accusantium est at.', 42.5, 2, 26.96, 1, '2018-10-19 11:40:07', '2018-10-19 11:40:07'),
(6, 'officiis', 'Aspernatur deserunt minima voluptatem asperiores cupiditate. Qui eum est sunt quia nobis. Cum iste a ut temporibus cupiditate occaecati libero fuga.', 94.06, 1, 8.5, 2, '2018-10-19 11:40:07', '2018-10-19 11:40:07'),
(7, 'veniam', 'Cum itaque autem quis praesentium rem et. Porro et nobis praesentium est voluptatem laboriosam possimus.', 79.25, 6, 39.92, 5, '2018-10-19 11:40:07', '2018-10-19 11:40:07'),
(8, 'eius', 'Perferendis rerum nihil optio praesentium consequuntur ex. Assumenda voluptas adipisci temporibus excepturi incidunt fugiat. Tenetur alias natus minima. Est sint vero nihil veniam iste asperiores ipsam.', 95.32, 0, 15.48, 5, '2018-10-19 11:40:07', '2018-10-19 11:40:07'),
(9, 'tempore', 'Quam inventore quia cupiditate praesentium. Inventore et nihil alias vel. Quia accusamus repudiandae voluptas. Eos nemo sequi aut sunt aspernatur numquam.', 97.83, 3, 32.04, 3, '2018-10-19 11:40:07', '2018-10-19 11:40:07'),
(10, 'in', 'Sapiente voluptas et facere et inventore. Officiis maxime vitae delectus et soluta quia. Cumque rem voluptas quas eum deleniti accusantium.', 65.35, 6, 39.37, 5, '2018-10-19 11:40:07', '2018-10-19 11:40:07'),
(11, 'quos', 'Facilis amet sunt dolorem facere. Quia at et deserunt exercitationem ut nulla. Sequi qui aut ut.', 60.21, 0, 27.32, 3, '2018-10-19 11:40:07', '2018-10-19 11:40:07'),
(12, 'repellat', 'Consequatur delectus id et eaque eligendi magnam perferendis. Quia aut occaecati dolores. Debitis ut iste voluptatem rerum in itaque. Magni placeat et voluptas veniam.', 21.18, 2, 38.21, 4, '2018-10-19 11:40:07', '2018-10-19 11:40:07'),
(13, 'nostrum', 'Dolor voluptatem nostrum nam eaque eligendi. Dolorem magnam eum suscipit consequatur ut eos. Placeat voluptatem id architecto nam at harum neque.', 15.07, 9, 42.3, 5, '2018-10-19 11:40:07', '2018-10-19 11:40:07'),
(14, 'in', 'Expedita eveniet ipsam ut quis. Sunt exercitationem distinctio reprehenderit ut earum.', 58.58, 6, 3.68, 4, '2018-10-19 11:40:07', '2018-10-19 11:40:07'),
(15, 'qui', 'Rem expedita laborum ea neque ut explicabo dolor perspiciatis. Aut incidunt consequatur est sunt. Nulla cupiditate sequi corporis qui.', 76.85, 6, 24.12, 1, '2018-10-19 11:40:07', '2018-10-19 11:40:07'),
(16, 'ut', 'Quia impedit quia odio aut nisi. Laudantium et itaque est veritatis quos aliquid. At ex ea sed qui non excepturi vel.', 87.86, 1, 46.84, 3, '2018-10-19 11:40:07', '2018-10-19 11:40:07'),
(17, 'quam', 'Voluptates quo et magnam omnis. Culpa ea consectetur soluta nam omnis vel cupiditate. Voluptatem eos autem eum natus esse. Velit aut iusto natus culpa accusamus.', 76.4, 2, 4.86, 3, '2018-10-19 11:40:07', '2018-10-19 11:40:07'),
(18, 'veniam', 'Et pariatur eum distinctio similique quis sint. At nemo velit odit maiores at consequatur nemo omnis. Possimus est dolore ut sit beatae. Aut quibusdam itaque dolorem aspernatur.', 32.63, 2, 20.02, 3, '2018-10-19 11:40:07', '2018-10-19 11:40:07'),
(19, 'esse', 'Optio laborum repellat aut sint vitae qui voluptates. Ut corporis provident accusamus ut non porro. Aut aut cum odio a aspernatur sed. Voluptatem et quis sint error magni doloribus consequatur.', 80.43, 9, 9.15, 3, '2018-10-19 11:40:07', '2018-10-19 11:40:07'),
(20, 'possimus', 'Blanditiis consequatur porro aut accusamus ipsam quam exercitationem. Aut sed quam ipsum ullam. Voluptatem reiciendis aut et ipsa quo qui quod.', 69.05, 5, 47.92, 5, '2018-10-19 11:40:07', '2018-10-19 11:40:07'),
(21, 'nulla', 'Vel consequatur facere vitae amet eligendi sint sed. Et vel voluptatem illum. Porro qui qui ex voluptatem sint.', 73.67, 0, 10.38, 5, '2018-10-19 11:40:07', '2018-10-19 11:40:07'),
(22, 'necessitatibus', 'Voluptatibus dolor a numquam. Sunt et libero nobis. Molestiae quibusdam sequi est. Soluta vel eum occaecati dolores velit est tenetur.', 35.4, 6, 20.94, 2, '2018-10-19 11:40:07', '2018-10-19 11:40:07'),
(23, 'tempora', 'Pariatur expedita molestias rem culpa fugit adipisci. Nesciunt ea aut non qui occaecati in officiis eaque. Est eius nihil eos optio maxime quia. Eos nisi in magni aut est. Dolorum sit aliquid dolorum aperiam.', 12.8, 2, 9.56, 4, '2018-10-19 11:40:07', '2018-10-19 11:40:07'),
(24, 'possimus', 'Atque quia consequatur perferendis dignissimos tempora modi. Nostrum non tenetur illo saepe neque. Et nostrum nam aut corrupti a at dolores.', 67.28, 6, 16.37, 1, '2018-10-19 11:40:07', '2018-10-19 11:40:07'),
(25, 'eius', 'Delectus eos voluptatum aut ut facilis hic ab voluptatem. Adipisci dolor quis aut quae placeat. Sint et aut et a facilis nobis impedit.', 57.25, 1, 25.29, 4, '2018-10-19 11:40:07', '2018-10-19 11:40:07'),
(26, 'soluta', 'Architecto quasi ipsam consequatur quidem veniam. Voluptatem id atque voluptatem ad facere qui. Dolorem itaque illum commodi ullam reprehenderit distinctio voluptas error.', 74.31, 9, 33.29, 4, '2018-10-19 11:40:07', '2018-10-19 11:40:07'),
(27, 'qui', 'Fugiat voluptatem qui totam ut aut. Consectetur nihil quo et. Minus in et dolores nam dolorem rem eos laborum. Error beatae quia veritatis ipsa ab.', 32.33, 8, 46.99, 2, '2018-10-19 11:40:08', '2018-10-19 11:40:08'),
(28, 'modi', 'Sapiente corporis et omnis. Laboriosam ex eius dolor non.', 38.68, 0, 39.34, 2, '2018-10-19 11:40:08', '2018-10-19 11:40:08'),
(29, 'ipsum', 'Voluptas voluptas rerum suscipit repudiandae. Vel quaerat placeat quia ut corporis. Veniam voluptas rem commodi. Est et sint sed optio enim nulla dolor nostrum.', 47.57, 0, 29.9, 3, '2018-10-19 11:40:08', '2018-10-19 11:40:08'),
(30, 'earum', 'Consequatur saepe quaerat delectus voluptas. Iusto delectus facilis deserunt sint.', 15.71, 5, 21.87, 1, '2018-10-19 11:40:08', '2018-10-19 11:40:08'),
(31, 'vel', 'Voluptates nobis quas debitis assumenda autem. Non quis fuga sit sed sunt est quae. Iure aspernatur ut sequi at ea nemo quam. Natus sit repellendus dignissimos quo vero asperiores praesentium. Qui rerum consequatur odit exercitationem et corporis.', 92.37, 7, 31.99, 2, '2018-10-19 11:40:08', '2018-10-19 11:40:08'),
(32, 'omnis', 'Quae sed quas officiis debitis odio tenetur consequatur. Molestias molestiae omnis rem eveniet qui voluptatum quo. Suscipit sed in provident doloremque ab.', 16.58, 0, 17.74, 2, '2018-10-19 11:40:08', '2018-10-19 11:40:08'),
(33, 'repudiandae', 'Minima error ipsum rerum nostrum. Blanditiis asperiores ipsam doloribus quo ab.', 48.74, 2, 42.27, 2, '2018-10-19 11:40:08', '2018-10-19 11:40:08'),
(34, 'assumenda', 'Voluptatem facilis temporibus sunt sit in sapiente sint voluptas. Quis suscipit rerum at dicta aspernatur. Fugiat vel repudiandae quas explicabo earum quisquam. Et totam adipisci rerum exercitationem repellat fuga.', 13.51, 8, 44.74, 3, '2018-10-19 11:40:08', '2018-10-19 11:40:08'),
(35, 'repellendus', 'Voluptatem repudiandae provident nobis aspernatur. Perspiciatis nemo et et et.', 35.5, 0, 20.85, 3, '2018-10-19 11:40:08', '2018-10-19 11:40:08'),
(36, 'et', 'Est molestias debitis consequatur at voluptatem. Aliquid est aut quae facere praesentium suscipit. Inventore maiores deserunt qui odit.', 34.71, 5, 5.75, 1, '2018-10-19 11:40:08', '2018-10-19 11:40:08'),
(37, 'expedita', 'Beatae eum ipsum vitae optio. Quibusdam nisi est est consectetur possimus et.', 90.8, 5, 17.04, 1, '2018-10-19 11:40:08', '2018-10-19 11:40:08'),
(38, 'qui', 'Et rerum placeat hic nihil occaecati ut. Eos nisi et et. Amet est eos autem aliquid.', 39.79, 2, 14.47, 2, '2018-10-19 11:40:08', '2018-10-19 11:40:08'),
(39, 'doloribus', 'At repudiandae odit omnis minima praesentium ad veritatis. Nisi quo non enim totam dolores necessitatibus fugiat. Pariatur consequuntur minima ut.', 42.66, 0, 39.18, 4, '2018-10-19 11:40:08', '2018-10-19 11:40:08'),
(40, 'doloremque', 'Est et non in. Fuga alias odio voluptas. Quaerat rem sint dolore dolorum natus.', 50.83, 3, 19.84, 1, '2018-10-19 11:40:08', '2018-10-19 11:40:08'),
(41, 'ullam', 'Non error sit non tenetur. Cupiditate aliquam tenetur ullam. Eum consectetur nobis et neque. Placeat itaque nostrum ducimus beatae facilis consectetur est.', 12.72, 5, 13.2, 2, '2018-10-19 11:40:08', '2018-10-19 11:40:08'),
(42, 'quis', 'Explicabo sit quibusdam et perspiciatis sunt necessitatibus rerum. Esse incidunt soluta voluptatem ad similique dolor enim. Nihil cumque iusto praesentium ut est. Et sint voluptate velit deleniti nam culpa voluptatem vitae.', 88.16, 9, 14.58, 3, '2018-10-19 11:40:08', '2018-10-19 11:40:08'),
(44, 'ea', 'Voluptates rem et eius itaque dolor repellat tenetur. Aperiam mollitia reprehenderit consequatur commodi asperiores. Ducimus assumenda nostrum voluptatem voluptatem dolorem. Qui sit voluptatem sed laudantium nobis eligendi.', 25.65, 2, 6.06, 4, '2018-10-19 11:40:08', '2018-10-19 11:40:08'),
(45, 'maiores', 'Earum id et sed consequatur nihil in a. Maiores totam minima et illo. Sint sed doloribus nihil in dolores. Qui architecto reiciendis et cum excepturi.', 70.77, 4, 42.85, 3, '2018-10-19 11:40:08', '2018-10-19 11:40:08'),
(46, 'architecto', 'Ut quibusdam repellendus illum tenetur labore porro. Nesciunt vel nobis dolore sit blanditiis dolores est. Placeat aspernatur sunt et sed. Aut aliquid ex aut quisquam. Suscipit rerum maxime necessitatibus ab similique velit earum cumque.', 2.26, 7, 8.68, 2, '2018-10-19 11:40:08', '2018-10-19 11:40:08'),
(47, 'temporibus', 'Sunt consequatur pariatur enim quasi debitis. Illo omnis nisi sapiente quam sunt. Dolores amet eligendi consequuntur excepturi error eum quo.', 60.33, 4, 30.48, 3, '2018-10-19 11:40:08', '2018-10-19 11:40:08'),
(48, 'tenetur', 'Autem cum similique qui in harum voluptatum ipsam repudiandae. Fuga voluptas nemo cupiditate. Hic id molestiae dolore impedit.', 1.39, 3, 32.29, 5, '2018-10-19 11:40:08', '2018-10-19 11:40:08'),
(49, 'laudantium', 'Hic omnis explicabo non dolorem alias. Eaque voluptatem nesciunt sunt voluptatem unde molestias. Quod nemo autem aut blanditiis a error eum.', 33.92, 4, 38.4, 1, '2018-10-19 11:40:08', '2018-10-19 11:40:08'),
(50, 'culpa', 'Quibusdam in molestias esse delectus libero. Maxime dolores cumque fugiat nam explicabo laborum est. Laboriosam ad aliquam fugit recusandae quasi possimus. Cupiditate maxime est perspiciatis aut minus sit aut.', 46.25, 7, 35.73, 2, '2018-10-19 11:40:08', '2018-10-19 11:40:08');

-- --------------------------------------------------------

--
-- Table structure for table `reviews`
--

CREATE TABLE `reviews` (
  `id` int(10) UNSIGNED NOT NULL,
  `product_id` int(10) UNSIGNED NOT NULL,
  `customer` varchar(191) COLLATE utf8mb4_unicode_ci NOT NULL,
  `star` int(11) NOT NULL,
  `review` text COLLATE utf8mb4_unicode_ci NOT NULL,
  `created_at` timestamp NULL DEFAULT NULL,
  `updated_at` timestamp NULL DEFAULT NULL
) ENGINE=InnoDB DEFAULT CHARSET=utf8mb4 COLLATE=utf8mb4_unicode_ci;

--
-- Dumping data for table `reviews`
--

INSERT INTO `reviews` (`id`, `product_id`, `customer`, `star`, `review`, `created_at`, `updated_at`) VALUES
(1, 7, 'Van Sawayn', 1, 'Reprehenderit et nostrum id dolore quod fuga repudiandae rerum. Eos qui et ea voluptatem sed tenetur. Omnis vel cum et exercitationem iste enim dolor. Qui nulla laudantium omnis consequatur.', '2018-10-19 11:40:10', '2018-10-19 11:40:10'),
(2, 24, 'Dr. Kiel Rutherford V', 2, 'Error ut voluptates amet quia perferendis animi in. Rem facilis omnis laboriosam. Aliquam rerum illo ut assumenda occaecati. Hic maxime aperiam ut et nam. Aliquid quia non veniam qui mollitia qui eaque.', '2018-10-19 11:40:10', '2018-10-19 11:40:10'),
(4, 48, 'Jennie Smith Jr.', 2, 'Laudantium earum et sit nihil. Molestiae dolore eum nihil exercitationem dolorem. Quaerat veniam ut laboriosam unde qui est qui dolores.', '2018-10-19 11:40:10', '2018-10-19 11:40:10'),
(5, 40, 'Lucas Graham', 1, 'Quae pariatur dolores nihil iure molestias voluptatibus. Veniam voluptas amet eveniet eos. Sunt quisquam vel dolorem libero ut ab. Eius omnis voluptatem eligendi omnis amet incidunt ipsum vero.', '2018-10-19 11:40:10', '2018-10-19 11:40:10'),
(6, 8, 'Prof. Sage Thompson', 3, 'Magnam alias et fugit voluptatum ut esse. Sint et omnis dolorem eum suscipit est voluptatibus.', '2018-10-19 11:40:10', '2018-10-19 11:40:10'),
(7, 22, 'Rosemary Reynolds', 2, 'Sed dignissimos ab voluptate nesciunt. Nemo nostrum enim earum tempore.', '2018-10-19 11:40:10', '2018-10-19 11:40:10'),
(8, 7, 'Dr. Danial Wunsch', 3, 'Laudantium explicabo occaecati minus impedit. Repudiandae qui dolor incidunt sint facilis. Atque laudantium sed est quo. Facilis maiores ipsum accusamus qui.', '2018-10-19 11:40:10', '2018-10-19 11:40:10'),
(9, 48, 'Mr. Rupert Kilback PhD', 2, 'Aut ad nam inventore molestiae aut alias. Ad molestias in quia vitae. Sed temporibus ea sapiente iure excepturi sit earum suscipit.', '2018-10-19 11:40:10', '2018-10-19 11:40:10'),
(10, 20, 'Hunter Langosh', 1, 'Fugit quis neque omnis non. Enim sint unde qui placeat est. Rerum magnam aut facere.', '2018-10-19 11:40:10', '2018-10-19 11:40:10'),
(11, 50, 'Eudora Hand', 5, 'Expedita ut omnis ea dolorum occaecati sapiente et deleniti. Nulla culpa officiis est impedit laborum. Nihil doloribus sunt quia quis et. Expedita et quidem vel doloribus id.', '2018-10-19 11:40:11', '2018-10-19 11:40:11'),
(12, 34, 'Diamond Zieme', 4, 'Quis atque neque cumque maxime eligendi. Ipsam voluptatem laboriosam qui eos quidem quis quae eos. Voluptatem voluptas aspernatur eligendi. Quos nam dolorum ut alias doloribus et rerum dolores.', '2018-10-19 11:40:11', '2018-10-19 11:40:11'),
(13, 35, 'Nyasia Sipes Jr.', 3, 'Iusto occaecati et aut ea accusantium. Sit eos nulla facilis et sunt ab voluptate explicabo. Ut in qui facilis. Ea dolores exercitationem nemo laboriosam quibusdam sit. Omnis vero dolor sed consequuntur voluptatem.', '2018-10-19 11:40:11', '2018-10-19 11:40:11'),
(14, 35, 'Marquise Jast', 4, 'Necessitatibus et cum sed ipsam numquam. Pariatur rerum voluptatem eligendi alias voluptate impedit. Tempora ipsum sit corporis recusandae occaecati. Quo error doloremque nostrum facere et at.', '2018-10-19 11:40:11', '2018-10-19 11:40:11'),
(15, 18, 'Abbie Emard PhD', 4, 'Perspiciatis praesentium ea at itaque eius sapiente eos. Aut temporibus est optio quia aut blanditiis. Expedita commodi voluptas et. Praesentium cum magnam officia enim nostrum et vel. Illo tenetur maxime architecto ut voluptatibus velit eos.', '2018-10-19 11:40:11', '2018-10-19 11:40:11'),
(16, 4, 'Carmelo Wisozk', 5, 'Ab et excepturi placeat occaecati dolor saepe aut est. Explicabo autem deleniti a dolorum. Eaque quo commodi qui incidunt. Eos nam quas possimus ea quasi voluptatibus mollitia voluptas.', '2018-10-19 11:40:11', '2018-10-19 11:40:11'),
(17, 7, 'Dr. Ramona Koss', 1, 'Dignissimos quasi aspernatur saepe harum expedita quidem. Velit illum enim exercitationem impedit aut illum nihil.', '2018-10-19 11:40:11', '2018-10-19 11:40:11'),
(18, 23, 'Judge Ernser', 2, 'Blanditiis et illum aliquid tempore. Velit rerum rem pariatur maxime.', '2018-10-19 11:40:11', '2018-10-19 11:40:11'),
(19, 23, 'Davin Powlowski', 5, 'Recusandae cum repellat sed. Dolores aut repudiandae quod sit aut. Maxime asperiores ut aperiam. Enim earum et qui soluta molestias.', '2018-10-19 11:40:11', '2018-10-19 11:40:11'),
(20, 36, 'Prof. Ashton Predovic', 3, 'Eligendi error sint ut magni aliquam. Impedit et aut voluptate facere ut omnis quis consequatur. Corrupti enim sit et. Voluptatem non quod consequuntur perspiciatis et assumenda.', '2018-10-19 11:40:11', '2018-10-19 11:40:11'),
(21, 18, 'Jasen Gleichner', 5, 'Eos a ut ipsam a. Consequatur aliquid voluptatibus et tempora fugit accusantium rerum atque. Consequatur non ut beatae in. Molestiae nihil omnis vitae odit.', '2018-10-19 11:40:11', '2018-10-19 11:40:11'),
(22, 15, 'Lucile Cruickshank PhD', 5, 'Nam maiores et quia vitae. Suscipit occaecati autem aliquam et ut omnis. Nihil delectus similique et ut sint.', '2018-10-19 11:40:11', '2018-10-19 11:40:11'),
(23, 37, 'Aleen Schuster', 3, 'Maiores voluptate iure consequatur laboriosam voluptatem numquam. Aut tenetur consequatur consequuntur et ipsam cum consequatur. Unde quis earum laborum totam quaerat quia quis. Atque saepe quia eos reiciendis quia eveniet quam.', '2018-10-19 11:40:11', '2018-10-19 11:40:11'),
(24, 40, 'Ron Corkery', 1, 'Vel rem sed labore quisquam quasi omnis officiis. Omnis commodi modi sapiente praesentium rerum omnis. Consequatur amet magnam quo fugiat illo assumenda quidem eos. Nihil qui vitae qui laudantium.', '2018-10-19 11:40:11', '2018-10-19 11:40:11'),
(25, 39, 'Dr. Delta Pacocha V', 2, 'Hic qui in et iusto. Mollitia est numquam possimus tenetur fugit nisi.', '2018-10-19 11:40:11', '2018-10-19 11:40:11'),
(26, 27, 'Dr. Velda Heidenreich PhD', 4, 'Corporis quam totam nostrum. Consequatur molestiae aut adipisci dicta consectetur corrupti qui.', '2018-10-19 11:40:11', '2018-10-19 11:40:11'),
(27, 49, 'Dr. Simeon Morissette II', 4, 'Mollitia debitis sequi ad assumenda et quibusdam sequi. Unde sed aperiam ut et minus.', '2018-10-19 11:40:11', '2018-10-19 11:40:11'),
(28, 6, 'Muriel Sawayn', 2, 'Et explicabo nihil ut dolores facilis ex accusantium. Id minima nihil minus ut est debitis et. Aspernatur voluptatum ducimus voluptatem quia modi inventore earum. Provident amet perferendis qui blanditiis eius.', '2018-10-19 11:40:11', '2018-10-19 11:40:11'),
(29, 11, 'Prof. Benton Gleichner', 1, 'Laborum blanditiis et et error at dolor. Officia sint nulla dolorem ea. Animi dolorem pariatur voluptatem odit cupiditate ut aut. Eos alias voluptatem magnam expedita saepe enim.', '2018-10-19 11:40:11', '2018-10-19 11:40:11'),
(30, 1, 'Mrs. Lisette Kuphal', 4, 'Culpa est consectetur cupiditate perferendis voluptatem aut numquam. A est ducimus rem sed facilis sed. Sed natus ipsam fugit ipsum voluptas.', '2018-10-19 11:40:11', '2018-10-19 11:40:11'),
(31, 25, 'Helen Schulist', 1, 'Impedit corrupti blanditiis et vel debitis neque minima. Aut est eos eveniet aliquam itaque aut maiores mollitia. Officiis velit laboriosam quasi officia adipisci aliquam. Et debitis praesentium sed.', '2018-10-19 11:40:11', '2018-10-19 11:40:11'),
(32, 25, 'Taurean Jakubowski', 2, 'Iste voluptas corporis animi eaque et. Ut nostrum occaecati asperiores beatae quis voluptatem.', '2018-10-19 11:40:11', '2018-10-19 11:40:11'),
(33, 36, 'Jodie Hudson', 2, 'Ut hic quidem soluta repellendus perferendis. Modi ipsa deleniti laboriosam cum. Amet facilis dolorum aut voluptas et possimus sit. Corporis placeat temporibus quisquam at iusto quia.', '2018-10-19 11:40:11', '2018-10-19 11:40:11'),
(34, 21, 'Tyrique Herman', 2, 'Harum iure ea expedita ut dolore ut maiores. Fuga dolor dolores illo est iste. Omnis eum eaque dolor.', '2018-10-19 11:40:11', '2018-10-19 11:40:11'),
(35, 3, 'Zackery Beier', 2, 'Voluptas a sapiente qui odio velit qui. Dolor nobis totam eaque quia similique accusamus. Ut itaque ipsa eveniet et quia explicabo nesciunt. Architecto non quia libero doloribus fugit nisi est.', '2018-10-19 11:40:11', '2018-10-19 11:40:11'),
(36, 35, 'Christina Altenwerth', 2, 'Necessitatibus quam qui magni voluptas. Occaecati nobis voluptatem in dignissimos. Eos iure quis commodi voluptatem nam. Dolor quidem minima dignissimos voluptatem est saepe. Et sunt cumque mollitia dolorum enim qui rerum.', '2018-10-19 11:40:11', '2018-10-19 11:40:11'),
(37, 23, 'Kiara Hudson DVM', 5, 'Et dolorem voluptatibus et iusto. Odit quia libero quidem quae fugiat et vero. Perspiciatis esse sed ad labore autem dignissimos. Voluptatem recusandae et qui aut fuga hic.', '2018-10-19 11:40:11', '2018-10-19 11:40:11'),
(38, 24, 'Lexie Boyer', 4, 'Illo ut nihil aspernatur quo blanditiis qui. A qui iste et voluptates corrupti voluptatibus odit explicabo. Culpa consequatur nobis ut eligendi error est. Eos eum et non voluptas.', '2018-10-19 11:40:11', '2018-10-19 11:40:11'),
(39, 32, 'Ms. Francisca Carter', 4, 'Aperiam ducimus omnis omnis minus et eligendi beatae. Nesciunt ratione laborum deleniti odio officiis. Culpa optio et quis enim culpa. Dolorem qui sunt voluptatem deserunt minima.', '2018-10-19 11:40:12', '2018-10-19 11:40:12'),
(40, 46, 'Christopher McKenzie', 4, 'Id quia facere ut excepturi nisi. Eum neque sunt minima mollitia repellat. Et doloremque et est voluptatem vero asperiores. Similique nisi ipsa quo sed optio quaerat odio ut.', '2018-10-19 11:40:12', '2018-10-19 11:40:12'),
(41, 4, 'Dr. Syble Bosco PhD', 1, 'Consequatur magnam vitae voluptas. Id qui aperiam voluptatum dolores architecto. Quia enim in corporis quaerat consequatur sapiente consequatur.', '2018-10-19 11:40:12', '2018-10-19 11:40:12'),
(42, 39, 'Ardella Schowalter', 1, 'Tempora in omnis reprehenderit rem est omnis et. Asperiores at quam tempore sint assumenda omnis eaque. Blanditiis deleniti nesciunt temporibus ea qui eveniet.', '2018-10-19 11:40:12', '2018-10-19 11:40:12'),
(43, 42, 'Meghan Kovacek', 2, 'Similique rem at exercitationem eos tempore. Neque harum aut sit aperiam quae. Facilis occaecati at eos maiores dolore voluptas amet explicabo. Aut enim minus cupiditate saepe doloremque magnam laudantium.', '2018-10-19 11:40:12', '2018-10-19 11:40:12'),
(44, 21, 'Dr. Nyah Walsh', 3, 'Consequatur iure excepturi accusantium aut molestias. Voluptas hic perferendis eius mollitia voluptas quia.', '2018-10-19 11:40:12', '2018-10-19 11:40:12'),
(45, 1, 'Cesar Shanahan', 2, 'Illo nihil ut dolorem nihil praesentium. Assumenda necessitatibus voluptatem ex eos dolores vero. Quibusdam labore neque sequi quisquam perferendis a fugit et. Aut iure et culpa labore id.', '2018-10-19 11:40:12', '2018-10-19 11:40:12'),
(46, 8, 'Travis Reichert', 1, 'Id qui repellendus quisquam et occaecati. Vel totam numquam dolorem hic officia dolore nostrum tempore. Ipsum dignissimos ratione labore et cupiditate. Blanditiis laudantium quam itaque natus perspiciatis ducimus.', '2018-10-19 11:40:12', '2018-10-19 11:40:12'),
(47, 3, 'Fritz Volkman', 2, 'Eaque ullam eligendi sit et. Amet expedita accusamus eos autem ullam sint dolor. Aut quisquam et pariatur repellat id.', '2018-10-19 11:40:12', '2018-10-19 11:40:12'),
(48, 1, 'Dr. Norberto Kuhn II', 1, 'Similique illum voluptas eos fuga maxime velit voluptatem. Quasi qui molestiae id sapiente molestiae sed. Consectetur veritatis voluptatem totam aut veniam quae repellendus. Omnis veniam natus eum atque non.', '2018-10-19 11:40:12', '2018-10-19 11:40:12'),
(49, 21, 'Dr. Emil Gerlach V', 1, 'Id adipisci eum consectetur dolores et aut dolores. Nam nam amet dolor saepe aut assumenda. Deleniti similique provident non facilis quia tempore accusamus. Quia vel ullam quisquam quae quia qui.', '2018-10-19 11:40:12', '2018-10-19 11:40:12'),
(50, 11, 'Elwin Roberts', 2, 'Illo officia officiis vel minus. Necessitatibus quis rerum est dolor error. Unde dolorem nobis itaque aperiam.', '2018-10-19 11:40:12', '2018-10-19 11:40:12'),
(51, 42, 'Jacky Johnston', 4, 'Quia minima aut voluptatibus. Aliquid minima officiis autem quasi. Exercitationem omnis ea ut autem provident ut. Magni repellat minus qui.', '2018-10-19 11:40:12', '2018-10-19 11:40:12'),
(52, 36, 'Mr. Gay Lemke III', 5, 'Quia totam quia laborum numquam rerum. Ipsam delectus qui omnis eos placeat eius perferendis. Culpa est non cupiditate libero officiis. Officiis minus quia dolorum doloribus sint cupiditate eius.', '2018-10-19 11:40:12', '2018-10-19 11:40:12'),
(53, 19, 'Demarco Eichmann II', 3, 'Aut est quis sed blanditiis asperiores facere ut. At soluta est laborum mollitia delectus qui magnam. Libero quo est dolor consequuntur.', '2018-10-19 11:40:12', '2018-10-19 11:40:12'),
(54, 10, 'Edd Stracke', 2, 'Accusamus delectus sed accusantium. Blanditiis labore aut at velit nulla qui consectetur.', '2018-10-19 11:40:12', '2018-10-19 11:40:12'),
(55, 46, 'Osborne Schuppe', 4, 'Unde impedit laboriosam alias maiores quam. Fuga debitis rerum blanditiis temporibus architecto eligendi. Est maiores autem odio maxime asperiores incidunt qui. Et ipsam laboriosam deleniti sint.', '2018-10-19 11:40:12', '2018-10-19 11:40:12'),
(56, 29, 'Maximillian Brakus', 4, 'Facilis deleniti culpa id consequatur enim exercitationem autem. Dignissimos nihil debitis voluptate quis consequuntur. Distinctio mollitia necessitatibus rerum maxime a ea.', '2018-10-19 11:40:12', '2018-10-19 11:40:12'),
(57, 5, 'Elijah Skiles', 5, 'Rerum dolor necessitatibus officia. Asperiores eum nam ullam sed asperiores vitae beatae. Beatae quisquam odit hic rem rem aliquid ut tenetur.', '2018-10-19 11:40:12', '2018-10-19 11:40:12'),
(58, 42, 'Clotilde Nitzsche V', 1, 'Pariatur perferendis ut eum qui blanditiis provident perferendis aut. Laboriosam aperiam veniam voluptatem iste. Eligendi rerum est illo vel neque et sint. Dolorum nihil temporibus sint totam.', '2018-10-19 11:40:12', '2018-10-19 11:40:12'),
(59, 25, 'Prof. Imani Williamson II', 3, 'Rerum voluptas non est quas doloribus commodi velit quis. Assumenda corrupti sunt officiis voluptas. Qui atque mollitia non modi.', '2018-10-19 11:40:12', '2018-10-19 11:40:12'),
(60, 45, 'Elza Conn', 3, 'Voluptatibus esse provident dolorem sed debitis qui animi. Corrupti enim vitae sint laudantium. Natus at quod nam.', '2018-10-19 11:40:13', '2018-10-19 11:40:13'),
(61, 48, 'Genesis Johns', 3, 'Nobis quia dolor est sapiente et. Dolorem tempore aut in sequi eaque. Alias est amet tenetur ex qui. Quia fugiat quam vitae.', '2018-10-19 11:40:13', '2018-10-19 11:40:13'),
(62, 10, 'Grayce O''Conner', 2, 'Sunt ipsam assumenda nesciunt. Totam vitae nisi sint alias aliquam deleniti. Totam molestiae est omnis quis non odit voluptatum.', '2018-10-19 11:40:13', '2018-10-19 11:40:13'),
(63, 24, 'Dr. Hans Ruecker', 4, 'Est voluptas atque atque ab consequatur quia. Voluptatem provident quo molestiae culpa. Quam facere eligendi iusto fuga neque perferendis hic. Qui omnis ex aliquid voluptatem.', '2018-10-19 11:40:13', '2018-10-19 11:40:13'),
(64, 42, 'Garett Kreiger Sr.', 5, 'Quidem velit quia alias. Nemo quia sit voluptatibus eos in. Deleniti enim eum aut exercitationem repellat sit eum.', '2018-10-19 11:40:13', '2018-10-19 11:40:13'),
(65, 28, 'Hermann Brown', 5, 'Itaque a ab facilis voluptatem. Tenetur nobis sint veritatis non rerum aut.', '2018-10-19 11:40:13', '2018-10-19 11:40:13'),
(66, 34, 'Mr. Coy Romaguera', 1, 'Rerum rerum debitis nam nihil iusto. Minus deleniti nostrum excepturi delectus ipsum. Ratione quisquam ut delectus aut recusandae accusamus.', '2018-10-19 11:40:13', '2018-10-19 11:40:13'),
(67, 41, 'Ernie Barton IV', 5, 'Ipsam voluptas et vel modi. Dignissimos voluptates aspernatur et ut. Quasi odit veniam maxime id voluptatem a nesciunt.', '2018-10-19 11:40:13', '2018-10-19 11:40:13'),
(68, 10, 'Humberto Pagac', 1, 'Sed et consequuntur soluta deserunt eaque autem aut. Animi sunt possimus et. Deleniti voluptatum corrupti excepturi eligendi ab. Quam qui aut similique qui qui odit. Iste laborum provident autem consequatur.', '2018-10-19 11:40:13', '2018-10-19 11:40:13'),
(69, 35, 'Kade Lockman', 5, 'Cum voluptates vel officiis facere. Quae dolorem sint dicta molestiae repellat eum. Sed sunt veniam similique tempora rerum et. Id exercitationem sequi fuga totam. Porro illum laboriosam expedita ducimus a.', '2018-10-19 11:40:13', '2018-10-19 11:40:13'),
(70, 4, 'Lilla O''Kon PhD', 1, 'Qui inventore omnis fugiat id fugiat. Earum inventore quia sed non laudantium minus nam. Nam quia delectus quasi magnam velit.', '2018-10-19 11:40:13', '2018-10-19 11:40:13'),
(71, 36, 'Jasen Prohaska', 1, 'Quo molestiae quaerat saepe voluptatem ut quibusdam laboriosam. Quisquam numquam optio quasi rerum praesentium et. Omnis sed accusamus enim quaerat et sit. Voluptas rem rerum id.', '2018-10-19 11:40:13', '2018-10-19 11:40:13'),
(72, 38, 'Ashleigh Hodkiewicz', 3, 'Omnis aliquam omnis dignissimos similique doloremque velit nihil. Accusantium cupiditate voluptatem soluta magnam quasi facere dolor. Non aperiam totam ipsa sunt amet perferendis voluptas vel. Temporibus et fugit minima ipsam reiciendis quo animi.', '2018-10-19 11:40:13', '2018-10-19 11:40:13'),
(73, 26, 'Dylan Klocko', 5, 'Consequatur pariatur iste omnis earum hic. Nobis eos iste asperiores laborum iste dolores libero.', '2018-10-19 11:40:13', '2018-10-19 11:40:13'),
(74, 45, 'Vida Glover', 1, 'Repudiandae voluptas amet voluptas tempore. Accusantium in cupiditate ducimus deserunt et. Autem consequatur consequatur ullam sapiente. Aut aut eveniet voluptatem voluptatem laborum.', '2018-10-19 11:40:13', '2018-10-19 11:40:13'),
(75, 50, 'Asia Bruen', 4, 'Maxime rem est voluptas voluptatem. Saepe voluptas labore sunt iste est praesentium. Saepe non consequatur voluptatem veniam est.', '2018-10-19 11:40:13', '2018-10-19 11:40:13'),
(76, 9, 'Dereck Nicolas', 2, 'Distinctio iusto facilis tenetur quasi vero quia non cumque. Ut dolore et neque est vel. Incidunt voluptatem non perferendis quam quo. Quia laborum provident suscipit nihil numquam ut ea. In velit enim voluptas.', '2018-10-19 11:40:13', '2018-10-19 11:40:13'),
(77, 2, 'Etha Stark', 2, 'Autem laboriosam atque enim non quia quia suscipit iste. Excepturi aut aperiam quas itaque et. Odit est velit tenetur dolor eos magni ullam voluptas. Sit distinctio numquam quia a debitis dolores.', '2018-10-19 11:40:13', '2018-10-19 11:40:13'),
(78, 47, 'Katarina Simonis', 4, 'Ut dolor vel deserunt dolorum deserunt excepturi similique. Deserunt incidunt est ipsum rerum reprehenderit. Harum suscipit nemo ex cum. Dolorem rerum qui dolorum minima.', '2018-10-19 11:40:13', '2018-10-19 11:40:13'),
(79, 10, 'Dr. Afton Morar', 5, 'Ipsum aperiam sapiente fugiat aut non quo ut. Beatae unde nulla rem aut et porro nesciunt. Repellendus accusamus omnis quas facere pariatur sapiente accusantium.', '2018-10-19 11:40:13', '2018-10-19 11:40:13'),
(80, 11, 'Mr. Chance Hayes', 3, 'Et laboriosam rerum facere iure dolor esse. Reprehenderit fuga a amet harum. Perferendis rerum deleniti dolore ut nisi.', '2018-10-19 11:40:13', '2018-10-19 11:40:13'),
(81, 14, 'Prof. Rickie Tromp', 4, 'Molestias voluptatem et reprehenderit repudiandae odio nobis. Nostrum ducimus minima et corporis alias sint. Blanditiis eos eum et optio.', '2018-10-19 11:40:13', '2018-10-19 11:40:13'),
(82, 45, 'Alfreda McGlynn', 3, 'Harum ea enim autem vitae consequatur explicabo asperiores. Dignissimos odio sit ut maiores dolorem. Illo velit aspernatur est.', '2018-10-19 11:40:13', '2018-10-19 11:40:13'),
(83, 2, 'Noemy Lynch', 2, 'Provident rerum repellendus iusto rem provident hic. Fugiat ut est aperiam sunt consequatur ut. Libero explicabo non sunt laudantium. Autem quisquam voluptate aspernatur nulla sed.', '2018-10-19 11:40:13', '2018-10-19 11:40:13'),
(84, 20, 'Aliya Tillman', 4, 'Excepturi ut nostrum aliquam quia. Nihil blanditiis corrupti mollitia.', '2018-10-19 11:40:13', '2018-10-19 11:40:13'),
(85, 8, 'Jasper Bradtke', 3, 'Maiores nostrum odit consequuntur eos aliquam qui. Ea est quae tempore. Delectus similique architecto modi qui ipsam enim asperiores.', '2018-10-19 11:40:13', '2018-10-19 11:40:13'),
(86, 17, 'Ellie Predovic', 5, 'Nostrum ea tempore optio beatae consequatur libero. Nemo aut inventore in repudiandae voluptatem. Sed tempora dolore vel. In adipisci quisquam unde natus quo.', '2018-10-19 11:40:13', '2018-10-19 11:40:13'),
(87, 14, 'Sam Jones', 5, 'Quia temporibus natus dolorem quibusdam optio animi rem. Vel consequatur hic nemo id placeat neque animi quas. Odio autem porro odio quo doloribus.', '2018-10-19 11:40:13', '2018-10-19 11:40:13'),
(88, 42, 'Jeanette Blick', 4, 'Repudiandae dolorem voluptatem tempore. Ullam modi nihil voluptatem esse qui magnam quaerat. Sit labore sint officiis tenetur accusamus vero.', '2018-10-19 11:40:14', '2018-10-19 11:40:14'),
(89, 12, 'Edna Christiansen', 4, 'Molestiae molestiae explicabo exercitationem sunt perferendis dolores. Nemo porro est incidunt et ex. Doloremque delectus recusandae ut voluptates.', '2018-10-19 11:40:14', '2018-10-19 11:40:14'),
(90, 6, 'Brooks Jakubowski', 3, 'Dolores non ut eum. Totam autem et eveniet tempore omnis eveniet. Deleniti ex voluptas dolorem commodi quis dolorem dolores. Voluptas eaque maiores repellendus iusto a magnam.', '2018-10-19 11:40:14', '2018-10-19 11:40:14'),
(91, 14, 'Orpha Langworth', 1, 'Sunt est rem accusamus aut consequuntur. Dolor nihil repudiandae eos sit odit illum voluptas. Praesentium magnam earum odit maiores. Ducimus totam necessitatibus ad dolores culpa quisquam.', '2018-10-19 11:40:14', '2018-10-19 11:40:14'),
(92, 27, 'Arlene Feest', 4, 'Aut quos accusantium accusamus veritatis hic. Officiis velit voluptatibus et molestiae dolore veniam. Voluptatem sequi et corporis et rerum in.', '2018-10-19 11:40:14', '2018-10-19 11:40:14'),
(93, 10, 'Justus Wolff', 3, 'Quibusdam velit omnis iusto odit. Et facere dolorem maiores ut velit aut laboriosam. Animi sequi voluptatum autem assumenda quas. Id aliquid qui sint nisi.', '2018-10-19 11:40:14', '2018-10-19 11:40:14'),
(94, 10, 'Douglas Pfannerstill', 2, 'In consectetur earum qui eos et qui. Veniam ut at rerum. Aperiam sed excepturi et a. Atque eum aut tempore in quia omnis voluptatibus.', '2018-10-19 11:40:14', '2018-10-19 11:40:14'),
(95, 25, 'Daron Ferry', 1, 'Nam suscipit ut possimus sed aliquam maxime consectetur. Rerum qui illum eos reiciendis. Labore dolorem et laborum accusantium est.', '2018-10-19 11:40:14', '2018-10-19 11:40:14'),
(96, 48, 'Estella Gislason', 3, 'Deleniti fugit aut eum numquam aut sunt. Dolor sed et iure minima sunt est sed. Eaque ea sit non. Et nostrum enim magni eum accusantium labore. Harum qui accusantium in magnam.', '2018-10-19 11:40:14', '2018-10-19 11:40:14'),
(97, 10, 'Malvina Collier', 2, 'Vel ratione et sed quia. Eligendi similique consequuntur quos qui nihil est quos. Vitae neque qui accusantium quia veniam. Velit qui quibusdam ut harum non.', '2018-10-19 11:40:14', '2018-10-19 11:40:14'),
(98, 19, 'Garland Rodriguez', 3, 'Quae neque eveniet recusandae quam voluptas iure. Nulla amet voluptatem explicabo nemo iure. Non animi autem quisquam et.', '2018-10-19 11:40:14', '2018-10-19 11:40:14'),
(99, 18, 'Ms. Yasmin Lang', 4, 'Molestiae aperiam nobis animi officia dolores debitis. Sunt omnis magni pariatur vel incidunt exercitationem illo. Voluptas error qui impedit et ratione aperiam.', '2018-10-19 11:40:14', '2018-10-19 11:40:14'),
(100, 29, 'Griffin Stehr', 3, 'Ea in placeat rerum ea ut. Atque culpa rem voluptatem. Modi magni eaque cum expedita. Molestias distinctio adipisci saepe sapiente deleniti ratione.', '2018-10-19 11:40:14', '2018-10-19 11:40:14'),
(101, 46, 'Urban Cummings V', 2, 'Exercitationem qui voluptas molestiae dolore eos molestiae. Quaerat necessitatibus accusantium voluptatibus repellendus repudiandae reiciendis. Aliquam nam voluptatem officia sit vero. Rem eius reiciendis error velit ea vero ut.', '2018-10-19 11:40:14', '2018-10-19 11:40:14'),
(102, 2, 'Kara Bradtke', 2, 'Atque quis velit aperiam quis fugiat. Enim impedit ab magni molestiae explicabo perspiciatis. Molestiae assumenda beatae cum dolor voluptas commodi. Quibusdam est sequi voluptatem incidunt. Ullam iusto officiis quia.', '2018-10-19 11:40:14', '2018-10-19 11:40:14'),
(103, 48, 'Lina Orn IV', 5, 'Impedit maxime et natus et iure rerum error minima. Aspernatur voluptatum minus facilis necessitatibus doloribus impedit. Suscipit necessitatibus enim suscipit sed. Aut dolorem est itaque voluptatem.', '2018-10-19 11:40:14', '2018-10-19 11:40:14'),
(104, 4, 'Jerod Mertz', 3, 'Distinctio voluptatum architecto placeat inventore veniam. Quia aspernatur est fuga aut consequatur reiciendis voluptatem. Ipsa aliquam impedit expedita ex sapiente totam quo. Omnis maxime beatae cumque quisquam ad doloribus. Reiciendis magni tempora ut dicta.', '2018-10-19 11:40:14', '2018-10-19 11:40:14'),
(105, 34, 'Mittie Kshlerin', 1, 'Voluptatum autem numquam nulla dignissimos et. Et ea et nemo sed deserunt eligendi. Consequatur modi suscipit aliquid assumenda qui consequuntur maxime minus.', '2018-10-19 11:40:14', '2018-10-19 11:40:14'),
(106, 45, 'Mikayla Koss', 3, 'Voluptatem et hic rem. Facere autem et est totam. Facilis earum corrupti consequatur dolor.', '2018-10-19 11:40:14', '2018-10-19 11:40:14'),
(107, 13, 'Nina Parker PhD', 2, 'Et quo vel et sunt. Eius illum assumenda voluptatum nesciunt. Rerum excepturi eos labore corrupti ducimus magnam. Laborum quia nisi voluptatem consectetur hic et nulla.', '2018-10-19 11:40:14', '2018-10-19 11:40:14'),
(108, 24, 'Allene Stokes', 5, 'Culpa illo nesciunt magni ullam est. Aspernatur ut exercitationem minima et. Nihil doloremque et qui explicabo.', '2018-10-19 11:40:14', '2018-10-19 11:40:14'),
(109, 19, 'Roberto Olson', 5, 'Nisi amet quidem doloribus doloribus illum rem delectus. Voluptatum et dolor id labore eius ut autem. Aperiam qui cumque voluptatum tenetur et. Laudantium reiciendis itaque recusandae est quam dolores.', '2018-10-19 11:40:14', '2018-10-19 11:40:14'),
(110, 34, 'Alaina Fisher', 5, 'Ut qui omnis optio soluta maiores ipsam adipisci. Et nobis consequatur omnis voluptate praesentium et consequuntur. Nihil aut optio consectetur voluptas optio.', '2018-10-19 11:40:14', '2018-10-19 11:40:14'),
(111, 16, 'Flossie Dicki Sr.', 5, 'Deleniti et numquam consectetur rem ea impedit cum. Quaerat et voluptate et perspiciatis molestiae. Maxime quisquam sint aut.', '2018-10-19 11:40:14', '2018-10-19 11:40:14'),
(112, 28, 'Christophe Schowalter', 4, 'Laboriosam voluptatibus accusamus sed cupiditate placeat. Possimus nulla quibusdam est eaque saepe sit harum. Iure odio animi dolore eum. Consequatur omnis recusandae quia quia quasi porro consectetur.', '2018-10-19 11:40:14', '2018-10-19 11:40:14'),
(113, 34, 'Dr. Zane Dooley I', 4, 'Tempore repellat excepturi aut beatae laborum. Labore omnis quibusdam facilis quasi iure labore magni vitae. Quae repudiandae quia ea.', '2018-10-19 11:40:14', '2018-10-19 11:40:14'),
(114, 27, 'Destinee Ullrich', 2, 'Dolore totam sit distinctio voluptate. Vitae dicta accusantium ut dolores sed nemo id. Nobis voluptas est praesentium dicta.', '2018-10-19 11:40:14', '2018-10-19 11:40:14'),
(115, 9, 'Judge Davis', 2, 'Ea et voluptate alias et excepturi maiores. Odit rerum est ut nesciunt nobis excepturi dolorem. Omnis possimus sit et perspiciatis qui unde qui qui. Aut et odit laudantium minima corrupti aperiam quisquam illum. Tempore quia neque sint.', '2018-10-19 11:40:14', '2018-10-19 11:40:14'),
(116, 3, 'Prof. Ana Lesch', 1, 'Corporis tempore fugiat quisquam necessitatibus occaecati atque. Eos nihil magni dolorum. Officiis delectus eum rem. Tempora et unde cupiditate earum nesciunt mollitia harum.', '2018-10-19 11:40:14', '2018-10-19 11:40:14'),
(117, 18, 'Miss Ashtyn Davis III', 1, 'Maiores quos quasi est molestiae accusantium error quia. Fugiat nihil dicta porro tenetur. Error eos atque itaque sunt autem aut illo.', '2018-10-19 11:40:14', '2018-10-19 11:40:14'),
(118, 36, 'Barney Hauck', 2, 'Ab soluta occaecati distinctio consequatur ut. Saepe illo ut libero. Optio possimus numquam autem optio aut.', '2018-10-19 11:40:14', '2018-10-19 11:40:14'),
(119, 44, 'Mr. Collin Greenholt MD', 2, 'Iste possimus laudantium possimus. Iste recusandae aut expedita et quod. Nemo at officia qui est voluptatem.', '2018-10-19 11:40:15', '2018-10-19 11:40:15'),
(120, 9, 'Sarah Gottlieb Sr.', 3, 'Eaque aut excepturi suscipit et. Recusandae veniam saepe sed veritatis quis aut tempore cupiditate. Qui non vel earum et possimus.', '2018-10-19 11:40:15', '2018-10-19 11:40:15'),
(121, 37, 'Prof. Francisco Kihn', 1, 'Distinctio id omnis quis et doloribus assumenda laudantium. Sit aspernatur quibusdam ut sit. Aspernatur natus officia ipsum ut.', '2018-10-19 11:40:15', '2018-10-19 11:40:15'),
(122, 14, 'Turner Waters', 3, 'Sit tempore sint voluptatum consequuntur eius ad quam. Rerum hic odit omnis ducimus fugiat ipsum.', '2018-10-19 11:40:15', '2018-10-19 11:40:15'),
(123, 2, 'Leon Parisian', 4, 'Enim recusandae ut cupiditate. Eligendi autem dolorum non veniam occaecati. Inventore ea nisi ipsum laborum.', '2018-10-19 11:40:15', '2018-10-19 11:40:15'),
(124, 23, 'Casper Metz', 5, 'Temporibus dolores ab ducimus neque beatae. Sed vero eum accusamus iste ea.', '2018-10-19 11:40:15', '2018-10-19 11:40:15'),
(125, 26, 'Lucas Jacobson', 4, 'Incidunt quia officia velit consequuntur et et aperiam. Ad vero vel quam omnis nulla fugiat molestiae. Sunt aut omnis sunt debitis. Amet ex est cumque quam. Ipsam ea architecto aliquam eum asperiores facilis optio.', '2018-10-19 11:40:15', '2018-10-19 11:40:15'),
(126, 23, 'Dr. Elmore Howell IV', 5, 'Aliquam deserunt magnam quaerat asperiores facilis. Aut consequuntur aut dignissimos ex harum rerum. Nesciunt et architecto dolor sunt illum quidem voluptatem.', '2018-10-19 11:40:15', '2018-10-19 11:40:15'),
(128, 29, 'Maya Denesik', 4, 'Culpa facilis qui earum eum ab et hic. Veniam reiciendis animi minus perferendis magni. Architecto harum nihil error accusamus debitis. Fugiat sed suscipit aut quasi fuga cumque ut.', '2018-10-19 11:40:15', '2018-10-19 11:40:15'),
(130, 18, 'Isabell Stroman MD', 1, 'Autem voluptates sed dolorum molestias accusantium minus. Excepturi explicabo aut in. Nesciunt laudantium magni minima qui corrupti.', '2018-10-19 11:40:15', '2018-10-19 11:40:15'),
(131, 6, 'Elena Pfannerstill', 1, 'Error saepe ut nihil ipsum quisquam. Assumenda illum ut ipsum et.', '2018-10-19 11:40:15', '2018-10-19 11:40:15'),
(132, 3, 'Ewald Williamson V', 4, 'Consequuntur beatae molestiae voluptate aspernatur. Provident qui aspernatur rerum ut vero nesciunt nesciunt. Aut est ipsum esse consequatur consequatur nobis. Molestiae sapiente itaque accusamus aut fugit.', '2018-10-19 11:40:15', '2018-10-19 11:40:15'),
(133, 9, 'Dr. Tianna Mohr', 4, 'Omnis ipsum adipisci vero dolorum officiis. Voluptatem enim illum quidem hic. Et in magnam cupiditate ut. Consequuntur voluptatem est omnis.', '2018-10-19 11:40:15', '2018-10-19 11:40:15'),
(134, 45, 'Danyka McLaughlin', 2, 'Qui in itaque voluptatibus laboriosam. Nostrum reiciendis velit laborum. Et eos earum ut et sed. Distinctio vitae totam velit exercitationem quod. Sit quibusdam ut architecto et.', '2018-10-19 11:40:15', '2018-10-19 11:40:15'),
(135, 11, 'Reba Walsh', 1, 'Est natus et aut quod eveniet corporis. Asperiores molestiae eum voluptatum sint et. Ipsam et consectetur accusamus ut voluptatem aut. Quam est quo unde impedit fuga necessitatibus.', '2018-10-19 11:40:15', '2018-10-19 11:40:15'),
(136, 19, 'Kiera Collins', 4, 'Officia molestias aut rerum libero veniam vero reiciendis. Illo voluptatem vero culpa et veniam pariatur at officiis. Cumque excepturi fugit qui quis. Accusantium minus est eos nobis animi vel corporis.', '2018-10-19 11:40:15', '2018-10-19 11:40:15'),
(137, 4, 'Adelia Pfeffer', 5, 'Aut molestiae rerum est ad quo omnis. Nemo architecto dignissimos est ipsa natus. Ut autem impedit voluptatem atque nesciunt amet. Ut consequatur dolorem cumque beatae.', '2018-10-19 11:40:15', '2018-10-19 11:40:15'),
(138, 20, 'Doug Rath', 5, 'Odio dolorum totam molestiae. In possimus laudantium ut qui reprehenderit. Sit in nam architecto reprehenderit nihil sapiente velit a. Est iure consequatur aspernatur vel cum assumenda eveniet.', '2018-10-19 11:40:15', '2018-10-19 11:40:15'),
(139, 12, 'Mr. Seth Ullrich MD', 2, 'Sint enim rem cumque vero magnam. Accusantium molestias reprehenderit alias quaerat ullam ut temporibus amet. Maxime quia in id reprehenderit aliquid voluptatibus ea unde.', '2018-10-19 11:40:15', '2018-10-19 11:40:15'),
(140, 50, 'Annie Crooks', 5, 'Porro repudiandae et beatae quia quis. Earum veritatis magnam veniam. Officia aut exercitationem hic est quasi esse dolores. Suscipit tempora assumenda rerum.', '2018-10-19 11:40:15', '2018-10-19 11:40:15'),
(141, 33, 'Aisha Emard', 3, 'Esse qui laboriosam hic impedit consequuntur. Voluptatem quis vel eveniet eos et voluptatem quisquam. Eius rerum excepturi iste similique. Totam aut alias at sunt rerum sed.', '2018-10-19 11:40:15', '2018-10-19 11:40:15'),
(142, 24, 'Allie Parker MD', 3, 'Natus quas nobis quaerat quas eveniet in. Laborum facilis aliquid temporibus quasi maiores. Laborum aut accusamus vero rem reiciendis dicta. Quia velit exercitationem consequuntur.', '2018-10-19 11:40:15', '2018-10-19 11:40:15'),
(143, 30, 'Zora Upton', 1, 'Culpa in libero velit cupiditate. Omnis consequatur dignissimos veritatis temporibus. Molestiae assumenda recusandae commodi quasi voluptas hic repudiandae.', '2018-10-19 11:40:15', '2018-10-19 11:40:15'),
(144, 17, 'Trever Champlin', 4, 'Reiciendis necessitatibus totam et maxime voluptates enim nobis voluptatem. Dolorem vel exercitationem voluptatem amet totam sint. Sit quia non voluptas repellat corrupti illo. Itaque necessitatibus voluptatem amet maiores neque expedita. Dolores dicta cum explicabo modi non.', '2018-10-19 11:40:15', '2018-10-19 11:40:15'),
(145, 39, 'Cornelius O''Hara', 5, 'Modi omnis nostrum nihil nisi aut. Laboriosam quia perferendis ut neque sunt ipsa aliquid. Nobis nam perferendis temporibus sed ut et. Libero sed iste consequatur quia sit iste perferendis.', '2018-10-19 11:40:15', '2018-10-19 11:40:15'),
(146, 8, 'Donnell Orn', 2, 'Provident deleniti laborum cumque vitae quia repudiandae. Tempora nemo quia ea debitis veniam nisi ex. Deserunt dolores et similique facere. Est quia ipsam impedit quia. Voluptatem ut sed aperiam eveniet consequatur.', '2018-10-19 11:40:15', '2018-10-19 11:40:15'),
(147, 10, 'Howell Walter', 4, 'Eaque omnis maxime nam eos qui. Cumque a sit non et maiores laborum. Ut sit corporis ad reiciendis explicabo quasi dolore. Doloremque corrupti necessitatibus doloremque.', '2018-10-19 11:40:16', '2018-10-19 11:40:16'),
(148, 31, 'Dr. Jadyn Willms', 5, 'Repellendus quia minima eos ut. Maxime debitis dolorem cum. Unde labore alias ut voluptatem velit et quia. Molestiae vero neque temporibus provident.', '2018-10-19 11:40:16', '2018-10-19 11:40:16'),
(149, 48, 'Brady Bernier', 1, 'Molestiae autem quam non temporibus sed velit qui officia. Eum quidem vel rerum. Ut maxime velit consequatur possimus soluta eius. Qui provident cumque incidunt quia eos et nam nesciunt.', '2018-10-19 11:40:16', '2018-10-19 11:40:16'),
(150, 27, 'Ms. Alexandrine Kuhlman Sr.', 2, 'Delectus et eveniet beatae. Possimus eveniet illo nesciunt rem ducimus. Cum sint sunt neque tempora accusantium. Cum ducimus nostrum quibusdam delectus quibusdam quis voluptatem.', '2018-10-19 11:40:16', '2018-10-19 11:40:16'),
(151, 29, 'Ms. Jazlyn Haag I', 2, 'Dolorum eligendi nobis hic temporibus. Ratione dolorem voluptate incidunt voluptas maxime. Laboriosam et accusamus modi et tempora at.', '2018-10-19 11:40:16', '2018-10-19 11:40:16'),
(152, 26, 'Deron Baumbach', 5, 'Error molestiae adipisci quia est voluptatem et et. Minus similique ut eum qui quibusdam. Quam tempore ea esse.', '2018-10-19 11:40:16', '2018-10-19 11:40:16'),
(153, 21, 'Katlynn Simonis', 4, 'Et est blanditiis ut a cupiditate in. Reprehenderit accusantium et quas mollitia qui vero facilis. Rerum ea dolore minus omnis est.', '2018-10-19 11:40:16', '2018-10-19 11:40:16'),
(154, 5, 'Era Emard', 1, 'Hic eaque doloribus aut fugit iste. Nam magnam quia quia.', '2018-10-19 11:40:16', '2018-10-19 11:40:16'),
(155, 25, 'Abigale Ryan', 4, 'Voluptatum sint cupiditate ut distinctio sit debitis. Saepe non voluptatem alias tempora vel. Porro recusandae perspiciatis eius reiciendis vel. Et soluta sint voluptatem iure.', '2018-10-19 11:40:16', '2018-10-19 11:40:16'),
(156, 34, 'Ms. Else Cronin III', 1, 'Illum rerum molestias sint est exercitationem dolores voluptatem ea. Id consequatur qui a iusto hic aut sunt. Suscipit explicabo vel eum quis quia consequatur aut laudantium.', '2018-10-19 11:40:16', '2018-10-19 11:40:16'),
(157, 50, 'Sarina Weissnat', 5, 'Dolor sunt dolorem est fugit ex officiis. Accusamus pariatur rerum placeat commodi sit beatae dolorem aspernatur. Voluptas laborum sunt voluptatem debitis. Sit aut excepturi deserunt eum provident et.', '2018-10-19 11:40:16', '2018-10-19 11:40:16'),
(158, 45, 'Eliseo Lang', 1, 'Alias quidem repellat assumenda ad. Laboriosam voluptatibus nesciunt et delectus quo quis dolores. Nulla ut voluptatum dolorem omnis aliquam quia itaque ea.', '2018-10-19 11:40:16', '2018-10-19 11:40:16'),
(159, 19, 'Pearline VonRueden', 3, 'Nulla alias tenetur et nisi qui vel. Rem et quia dolorem quia. Aspernatur ipsa deleniti voluptas et eos. Molestias assumenda dolore repellendus. Explicabo aut est quis quis quasi.', '2018-10-19 11:40:16', '2018-10-19 11:40:16'),
(160, 34, 'Miss Brielle Kihn IV', 2, 'Ratione inventore nisi officia nobis. Magnam veniam nihil quo officiis neque architecto. Dolor odio repellendus velit deleniti ab minus.', '2018-10-19 11:40:16', '2018-10-19 11:40:16'),
(161, 6, 'Laurine Green', 1, 'Quae dicta qui ab. Aut voluptatem ex quia et rerum enim. Sit dolorem reprehenderit quia impedit et in quia. Harum nemo inventore laboriosam minus est occaecati delectus. Illum commodi culpa natus vero.', '2018-10-19 11:40:16', '2018-10-19 11:40:16'),
(162, 4, 'Bill Kerluke I', 4, 'Laboriosam ipsum dignissimos dolorum ea. Et soluta ut sint laborum est. Ratione numquam et dolorem qui.', '2018-10-19 11:40:16', '2018-10-19 11:40:16'),
(163, 31, 'Joan Gutkowski', 4, 'Doloremque qui repellendus tempora. Accusantium quis nihil illum deserunt adipisci fugit laudantium. Impedit voluptatem eveniet rerum rerum.', '2018-10-19 11:40:16', '2018-10-19 11:40:16'),
(164, 3, 'Annabelle Dibbert', 1, 'Sit dignissimos voluptatibus pariatur reprehenderit sit. Aperiam exercitationem rerum adipisci doloremque dolor nihil laudantium. Similique eum consequuntur ex quia doloribus quia.', '2018-10-19 11:40:16', '2018-10-19 11:40:16'),
(165, 40, 'Eleanore Bauch', 3, 'Explicabo labore aut excepturi impedit laudantium. Aut quo sapiente rem error. Molestiae odit omnis vel.', '2018-10-19 11:40:16', '2018-10-19 11:40:16'),
(166, 24, 'Dr. Candido Weber', 4, 'Asperiores non modi consequatur itaque quisquam sint non. Non quod aut maiores. Sit dignissimos ut voluptas.', '2018-10-19 11:40:16', '2018-10-19 11:40:16'),
(167, 42, 'Prof. Bobby Mertz II', 2, 'Molestiae rerum similique molestiae. Non esse mollitia totam libero fugiat. Voluptatem non et et corporis quis natus. Vel esse est illum.', '2018-10-19 11:40:16', '2018-10-19 11:40:16'),
(168, 42, 'Grady Kunze', 2, 'Fuga quis architecto atque sit. Doloribus molestiae voluptatem ipsam quis. Aspernatur dolore ducimus quas quia. Quia possimus cupiditate ut quo.', '2018-10-19 11:40:16', '2018-10-19 11:40:16'),
(169, 14, 'Dr. Roosevelt Hermiston MD', 5, 'Dolor dolore rerum sed autem velit modi. Et facilis velit eos qui soluta maiores. Exercitationem ipsum suscipit voluptates a similique sequi deserunt. Quis laboriosam qui hic esse molestias est id quo. Ex dolor placeat ratione nemo error voluptas autem a.', '2018-10-19 11:40:17', '2018-10-19 11:40:17'),
(170, 38, 'Ms. Heidi Morar', 4, 'Dolore quia nisi harum dolore occaecati rerum rerum. Corrupti perferendis atque inventore qui totam temporibus quos. A laudantium veritatis voluptatum nemo laborum optio. Impedit ratione incidunt est aut sequi consectetur.', '2018-10-19 11:40:17', '2018-10-19 11:40:17'),
(171, 4, 'Myron Zieme', 2, 'Accusantium possimus ea voluptates tempora reiciendis. Nisi repellendus praesentium ut. Et velit laborum ab omnis.', '2018-10-19 11:40:17', '2018-10-19 11:40:17'),
(173, 34, 'Brett Wiegand', 3, 'Esse assumenda corporis voluptates qui. Non qui ut beatae laborum et eius reprehenderit. Hic est consequuntur labore omnis.', '2018-10-19 11:40:17', '2018-10-19 11:40:17'),
(174, 25, 'Lonnie O''Reilly', 4, 'Ullam neque facilis dolores voluptas vel vel. Quidem rem et et ducimus aliquid. In voluptatem nisi saepe optio possimus similique.', '2018-10-19 11:40:17', '2018-10-19 11:40:17'),
(175, 48, 'Deonte Senger', 2, 'Ut repellendus sed animi corrupti est reiciendis aut. Neque eaque est omnis rerum laboriosam voluptas fuga. Accusantium porro rerum minus veritatis eius est dolor consequatur.', '2018-10-19 11:40:17', '2018-10-19 11:40:17'),
(176, 20, 'Teagan Weimann V', 4, 'Autem consequuntur placeat dolorem omnis officiis dolores dolorum quaerat. Reiciendis facere quis sunt sunt quo quam totam. Odio nisi quisquam illum sunt non.', '2018-10-19 11:40:17', '2018-10-19 11:40:17'),
(177, 37, 'Raoul Schroeder', 3, 'Debitis quos natus incidunt reprehenderit hic porro. Ut voluptatum repellat mollitia dolores in. Commodi occaecati incidunt iste fugiat nemo laudantium.', '2018-10-19 11:40:17', '2018-10-19 11:40:17'),
(178, 39, 'Elisa Glover MD', 2, 'Vel unde quisquam laudantium exercitationem. Qui animi natus quaerat vel quia rerum. Itaque occaecati provident saepe animi. Qui eos esse provident dolorem pariatur animi.', '2018-10-19 11:40:17', '2018-10-19 11:40:17'),
(179, 27, 'Jensen Reichert', 4, 'Debitis qui et neque consectetur. Corrupti qui velit dignissimos accusamus molestias vel corporis impedit. Vel amet eum officiis vel blanditiis omnis est. Ut consequuntur sint aut rerum ducimus.', '2018-10-19 11:40:17', '2018-10-19 11:40:17'),
(180, 45, 'Leanna Towne', 1, 'Quia ipsa optio natus rerum. Enim sint corrupti illo libero iste facilis. Blanditiis nostrum impedit vitae explicabo et cupiditate.', '2018-10-19 11:40:17', '2018-10-19 11:40:17'),
(181, 39, 'Ethyl Howell', 1, 'Dolor ut quae ea pariatur eveniet et. Ut delectus eligendi et ex vero vitae eos vel. Et qui vel minus ea.', '2018-10-19 11:40:17', '2018-10-19 11:40:17'),
(182, 39, 'Bradford Simonis', 2, 'Ut magnam doloremque asperiores officiis dolorum. Est quia omnis animi consequuntur. Atque autem eligendi qui dolores et. Qui beatae omnis voluptates dolorem sint consequatur.', '2018-10-19 11:40:17', '2018-10-19 11:40:17'),
(183, 15, 'Haskell Lynch', 3, 'Quaerat aliquid voluptas voluptatem enim vitae qui. Placeat dolorem natus eum fugit voluptas. Et natus facere tempora. Et dolorem dolorum sequi quod nihil. Delectus optio praesentium ut perferendis.', '2018-10-19 11:40:17', '2018-10-19 11:40:17'),
(184, 12, 'Prof. Eden Breitenberg', 5, 'Ea animi omnis temporibus est. Molestiae quia tempora error cupiditate. Sit cupiditate sit dicta voluptatem.', '2018-10-19 11:40:17', '2018-10-19 11:40:17'),
(186, 6, 'Abagail Muller Sr.', 1, 'Optio id fugit voluptates sed repellendus et. Aspernatur qui laudantium harum autem. Similique iste placeat numquam totam qui qui.', '2018-10-19 11:40:17', '2018-10-19 11:40:17'),
(187, 48, 'Michale Strosin', 1, 'Nostrum voluptatem aut dolorem consequatur asperiores quisquam aliquid. Facere rerum iure quis iste consequatur quia.', '2018-10-19 11:40:17', '2018-10-19 11:40:17'),
(188, 24, 'Juwan Shanahan', 3, 'Iste totam dolores voluptatibus qui. Occaecati eveniet repellat quo. Sapiente et magni dolore et soluta. Incidunt et aperiam nulla quis quia adipisci ex.', '2018-10-19 11:40:17', '2018-10-19 11:40:17'),
(189, 44, 'Okey Purdy IV', 4, 'Aut debitis nihil sed ut. Rerum dicta esse rerum. Est tenetur eveniet autem odio qui ad eligendi nihil. Et exercitationem labore fuga eum et fugit.', '2018-10-19 11:40:17', '2018-10-19 11:40:17'),
(190, 47, 'Laron Goldner', 4, 'Doloremque excepturi temporibus ipsam dolorem non. Exercitationem exercitationem animi quod cupiditate voluptatem assumenda. Unde est et magnam.', '2018-10-19 11:40:17', '2018-10-19 11:40:17'),
(191, 19, 'Manuela Glover', 2, 'Et similique dolor consequatur officiis. Suscipit saepe consectetur sit deleniti. Dolor consequatur cupiditate veritatis quae. Doloremque nihil exercitationem voluptatem debitis.', '2018-10-19 11:40:17', '2018-10-19 11:40:17'),
(192, 1, 'Therese Herman', 5, 'Velit autem dolore deserunt recusandae. Soluta sit itaque ex praesentium debitis. Qui consequatur ullam facere assumenda consequuntur similique. Id eos rerum consequuntur quo natus ea possimus.', '2018-10-19 11:40:17', '2018-10-19 11:40:17'),
(193, 40, 'Alvah Strosin', 5, 'Ad tempore qui aut eius qui sed. Magnam voluptatibus ipsa doloribus. Explicabo quae non perferendis modi aut. Qui assumenda necessitatibus velit voluptatibus.', '2018-10-19 11:40:17', '2018-10-19 11:40:17'),
(194, 35, 'Ramiro Jacobs', 2, 'Nisi asperiores distinctio et cumque. Repudiandae quis molestiae illum autem ut. Maiores quo sed ut sapiente. Vel qui quia voluptatem id suscipit.', '2018-10-19 11:40:17', '2018-10-19 11:40:17'),
(195, 39, 'Prof. Orin Yost Jr.', 3, 'Autem vel suscipit consequatur beatae sunt quo. Delectus enim architecto qui aut nihil. Autem quo aut nihil. Exercitationem cumque vero dolorum dolorem sit ipsum eligendi.', '2018-10-19 11:40:17', '2018-10-19 11:40:17'),
(196, 3, 'Meredith Altenwerth', 4, 'Iure culpa et provident cumque ipsum dolor qui velit. Consectetur ipsum est quis totam dolorem occaecati aut. Atque ut et nihil aut eum et. Quidem omnis quaerat aperiam et asperiores et quis necessitatibus. Quasi ut doloremque est unde quaerat commodi.', '2018-10-19 11:40:17', '2018-10-19 11:40:17'),
(197, 7, 'Kallie Okuneva', 1, 'Aliquam labore eveniet molestiae qui mollitia. Eum aut quis enim consequatur. Rerum officia hic saepe qui nihil. Consequatur est omnis praesentium dolor et ab et. Ea fugiat et unde sed et vero ut enim.', '2018-10-19 11:40:17', '2018-10-19 11:40:17'),
(198, 45, 'Dock Friesen MD', 2, 'Saepe omnis ut dolore laudantium eaque ullam necessitatibus. Voluptatem quia asperiores quia est nulla tenetur voluptatem. Ex ipsa eos officiis tempora similique eos doloremque.', '2018-10-19 11:40:18', '2018-10-19 11:40:18'),
(199, 25, 'Devin Howe', 4, 'Numquam et et non quas autem iure et. Dicta qui non dolor vel.', '2018-10-19 11:40:18', '2018-10-19 11:40:18'),
(200, 33, 'Sherman Bergnaum I', 5, 'Sapiente consectetur in nulla est voluptatibus saepe. At qui quaerat et ut earum neque. Aut consectetur magnam pariatur et sunt minima saepe. Eum doloremque rem distinctio asperiores.', '2018-10-19 11:40:18', '2018-10-19 11:40:18'),
(201, 38, 'Shanie Pfannerstill', 4, 'Eos voluptas quam ipsam. Expedita cumque ut assumenda eum. Veritatis quia est omnis sit hic.', '2018-10-19 11:40:18', '2018-10-19 11:40:18'),
(202, 10, 'Retha Beer', 3, 'Sunt quasi harum neque nobis sit molestias. Earum velit molestiae eligendi alias dolor. Quas vel et voluptatem vel voluptatem adipisci velit deleniti. Dolorum similique quia cupiditate minima.', '2018-10-19 11:40:18', '2018-10-19 11:40:18'),
(203, 2, 'Mabel Kuhlman', 2, 'Quam molestiae et vitae ut nihil quia necessitatibus. Asperiores ab autem a odio nobis. Est est rerum est. Cupiditate quia sunt quidem ut id minus enim impedit. Id ipsa dolorem sed.', '2018-10-19 11:40:18', '2018-10-19 11:40:18'),
(204, 11, 'Dr. Morton Roberts', 3, 'Sit repellat incidunt quod molestiae eius et consequatur. Qui nostrum et aut ab dolores suscipit recusandae. Consequatur aut illo et sequi molestiae.', '2018-10-19 11:40:18', '2018-10-19 11:40:18'),
(205, 36, 'Vena Monahan', 4, 'Aut dolores veritatis est porro. In commodi ut officia deleniti ducimus. Asperiores consequatur eum totam itaque accusantium tempora.', '2018-10-19 11:40:18', '2018-10-19 11:40:18'),
(206, 2, 'Mrs. Caterina Konopelski IV', 1, 'Sunt voluptatem omnis delectus quos. Reiciendis vel et totam quas excepturi. Qui consequatur qui quaerat.', '2018-10-19 11:40:18', '2018-10-19 11:40:18'),
(207, 39, 'Howard Boehm II', 5, 'Debitis dignissimos rerum veritatis vero rem. Quia iusto expedita et vero architecto. Saepe suscipit dolor delectus eos.', '2018-10-19 11:40:18', '2018-10-19 11:40:18'),
(208, 35, 'Mr. Roman Casper', 5, 'Voluptate voluptates magnam voluptatem recusandae veritatis. Dignissimos rerum aliquam vero. Perspiciatis sit omnis id porro autem veritatis. Possimus sequi quae aliquam.', '2018-10-19 11:40:18', '2018-10-19 11:40:18'),
(209, 27, 'Dr. Mattie Jaskolski Sr.', 3, 'Et animi aut eveniet repudiandae enim quibusdam. Sequi sit qui sit non cumque atque. Excepturi magni reprehenderit est quaerat consequatur earum impedit.', '2018-10-19 11:40:18', '2018-10-19 11:40:18'),
(210, 22, 'Emerald Kutch I', 3, 'Ut voluptas doloremque expedita voluptas porro amet. Labore praesentium ea consectetur sapiente. Odio id dolorum natus maiores. Quam illum nostrum aut qui odio deserunt sed. Sed debitis vero dignissimos voluptatem repellat.', '2018-10-19 11:40:18', '2018-10-19 11:40:18'),
(211, 35, 'Lawson Kilback', 3, 'Nihil sunt est velit necessitatibus expedita eum qui. Expedita molestias minus qui minus optio voluptatibus cum neque. Aut fugiat id enim.', '2018-10-19 11:40:18', '2018-10-19 11:40:18'),
(212, 10, 'Emerald Homenick', 4, 'Culpa magni esse fugit id voluptas. Fuga praesentium ut occaecati explicabo. Quaerat autem et culpa.', '2018-10-19 11:40:18', '2018-10-19 11:40:18'),
(213, 9, 'Prof. Reta Bayer Jr.', 1, 'Hic itaque magnam omnis quidem. Dolorem voluptatum voluptas enim nam modi qui. Incidunt modi iure et vel architecto enim.', '2018-10-19 11:40:18', '2018-10-19 11:40:18'),
(214, 34, 'Shane Ritchie', 1, 'Et qui minima quia quam veritatis. Facere fugit dolores consequatur id accusamus tempora mollitia. Sit totam ipsum est dolor omnis pariatur. Consequatur repellendus distinctio illo laudantium possimus accusamus. Soluta culpa nulla harum non omnis illo ea.', '2018-10-19 11:40:18', '2018-10-19 11:40:18'),
(215, 25, 'Claire Huel', 5, 'Consequuntur perferendis aut vero ut. Officiis libero facilis eos laborum id error. Aut repudiandae excepturi ex reprehenderit ut atque. Ipsum illo consequatur possimus qui et.', '2018-10-19 11:40:18', '2018-10-19 11:40:18');
INSERT INTO `reviews` (`id`, `product_id`, `customer`, `star`, `review`, `created_at`, `updated_at`) VALUES
(216, 17, 'Dr. Ignacio Durgan', 3, 'Culpa qui blanditiis quia vel eos nesciunt cumque. Rerum maxime saepe corporis dignissimos. Iusto et cum et neque. Molestias ab autem at perspiciatis nostrum beatae.', '2018-10-19 11:40:18', '2018-10-19 11:40:18'),
(217, 16, 'Dr. Rosalia Kutch', 4, 'Eius eius id iusto nulla earum laborum. Rerum debitis culpa fugit ut voluptas officia quidem. Molestiae laboriosam natus laboriosam rerum. Praesentium possimus ea et laudantium quod iusto.', '2018-10-19 11:40:18', '2018-10-19 11:40:18'),
(218, 34, 'Hailee Christiansen', 4, 'Nostrum rerum nostrum illo ratione excepturi impedit et. Ab nihil beatae modi non et. Nulla et dolorum vero rerum itaque aut deleniti officiis. Et et exercitationem deleniti quos sunt quis soluta.', '2018-10-19 11:40:18', '2018-10-19 11:40:18'),
(219, 38, 'Gregory O''Kon', 2, 'Illum atque et vitae. Iste aut distinctio qui quo. Vitae vitae facilis culpa doloribus animi et rem ut. Recusandae molestias rerum quae exercitationem nostrum temporibus.', '2018-10-19 11:40:18', '2018-10-19 11:40:18'),
(220, 11, 'Dr. Erin Leannon', 3, 'Id aut ut non maiores. Quisquam at nam quia quis. Qui explicabo dolor commodi. Aliquam ab labore corporis distinctio facere.', '2018-10-19 11:40:18', '2018-10-19 11:40:18'),
(221, 17, 'Shania Quitzon', 2, 'Fuga placeat consequatur architecto ut ratione omnis occaecati ab. Quia rerum sit nesciunt tempora. Est eos corrupti reiciendis. Ea nihil voluptatem aut nobis eius ut occaecati voluptas.', '2018-10-19 11:40:18', '2018-10-19 11:40:18'),
(222, 26, 'Wellington Carroll Jr.', 1, 'Recusandae ut placeat eaque repudiandae laboriosam. Officiis esse dolore necessitatibus dignissimos. Accusantium aut fuga dolorem. Quia perspiciatis dolore voluptas voluptatibus natus saepe.', '2018-10-19 11:40:18', '2018-10-19 11:40:18'),
(223, 42, 'Madelyn Heaney', 3, 'Aut ducimus mollitia est est. Unde soluta maxime qui autem. Voluptatem asperiores nihil quae eos iste tenetur ipsam.', '2018-10-19 11:40:18', '2018-10-19 11:40:18'),
(224, 13, 'Mrs. Giovanna Mayert', 2, 'Tenetur cupiditate quisquam vel incidunt accusantium magnam quaerat vel. In et eveniet qui. Eveniet vel dolore quae repellendus nisi odit quidem. Consequatur fuga sapiente alias unde repellendus.', '2018-10-19 11:40:18', '2018-10-19 11:40:18'),
(225, 21, 'Lilliana Schmeler IV', 2, 'Magni libero eum et suscipit. Impedit autem quia similique aliquid eveniet ex. Aut non dolor qui consequatur quia.', '2018-10-19 11:40:18', '2018-10-19 11:40:18'),
(226, 25, 'Unique Ferry', 3, 'Dolor ut aliquid vero quidem qui. Quasi numquam dolorum adipisci dolore nobis. Qui optio id dolore cumque. Tenetur harum inventore neque quos illo.', '2018-10-19 11:40:18', '2018-10-19 11:40:18'),
(227, 50, 'Orie Dare Sr.', 3, 'Aut numquam quia et mollitia rem. Earum modi neque voluptatem quis repellendus nostrum nisi. Ut consequatur et sed et nisi eaque. Ut enim aut totam veniam velit et.', '2018-10-19 11:40:18', '2018-10-19 11:40:18'),
(228, 23, 'Prof. Wilma Dibbert', 2, 'Illum qui velit accusantium vel mollitia. Qui aut natus nostrum corrupti. Eveniet error at et nemo recusandae. Voluptatibus et omnis sint illo.', '2018-10-19 11:40:19', '2018-10-19 11:40:19'),
(229, 50, 'Garry Runolfsdottir', 1, 'Sunt distinctio voluptatem facilis. A dolorem accusamus ducimus.', '2018-10-19 11:40:19', '2018-10-19 11:40:19'),
(230, 48, 'Kamille Upton', 4, 'Et reprehenderit blanditiis eum temporibus. Eos est porro harum quia sit consequatur veritatis. Ab ipsam natus nobis et tempore.', '2018-10-19 11:40:19', '2018-10-19 11:40:19'),
(231, 6, 'Nicholas Block', 3, 'Voluptas aut asperiores ea velit iure possimus voluptates. Qui facilis vel sint autem ut aut dolores praesentium. Atque minima dicta reiciendis sit beatae rerum dicta. Dolor enim cumque nam esse facere quod.', '2018-10-19 11:40:19', '2018-10-19 11:40:19'),
(232, 5, 'Dr. Emanuel Bode', 4, 'Voluptatem expedita et architecto. Optio ab dolores omnis consequatur dignissimos. Atque non magnam aliquid unde deserunt quod molestias. Quas ipsam voluptas eveniet. Quia omnis vero voluptas neque delectus.', '2018-10-19 11:40:19', '2018-10-19 11:40:19'),
(233, 10, 'Dr. Earl Williamson', 3, 'Commodi qui impedit veritatis. Et recusandae est consectetur eligendi reprehenderit voluptatem. Hic odio eos enim et quos.', '2018-10-19 11:40:19', '2018-10-19 11:40:19'),
(234, 48, 'Davion O''Reilly', 1, 'Repudiandae sit voluptates exercitationem ducimus dolorum. Sed distinctio recusandae delectus eveniet commodi quas soluta. Est cupiditate ea quis quia voluptatem nostrum ex.', '2018-10-19 11:40:19', '2018-10-19 11:40:19'),
(235, 6, 'Alvina Little', 4, 'Voluptate quia beatae sit perferendis omnis sit debitis eius. Quas unde vel magnam incidunt nisi dolore. Porro debitis voluptas ea laborum facilis nihil eum. Ab sit beatae voluptate dignissimos perferendis necessitatibus similique.', '2018-10-19 11:40:19', '2018-10-19 11:40:19'),
(236, 50, 'Zion Hauck', 3, 'Dolor beatae aperiam veniam reiciendis libero. Libero nam facere provident magni tempore. Est praesentium ut iste soluta laboriosam.', '2018-10-19 11:40:19', '2018-10-19 11:40:19'),
(237, 10, 'Aiyana Barrows', 5, 'Porro rem et fugiat nostrum libero. Accusamus et ut mollitia. Odio et delectus aperiam eius ratione officia illo. Est accusamus recusandae sint consequatur et officia at numquam.', '2018-10-19 11:40:19', '2018-10-19 11:40:19'),
(238, 35, 'Junius Balistreri', 3, 'Sequi sed dolores id quae eveniet et. Unde enim quo qui amet aperiam nemo. Reiciendis in quo incidunt omnis aspernatur aliquam perspiciatis.', '2018-10-19 11:40:19', '2018-10-19 11:40:19'),
(239, 48, 'Lance Tremblay', 3, 'Sit enim sit molestiae culpa laboriosam. Doloribus quos beatae atque dolores officiis nihil tempore delectus. Consequatur cum at voluptatem consequatur tenetur. Soluta aut neque cupiditate omnis odio.', '2018-10-19 11:40:19', '2018-10-19 11:40:19'),
(240, 20, 'Modesta Schuppe', 3, 'Labore dolores cum labore doloremque quia numquam. Quia excepturi atque blanditiis sed aut molestiae. Ut eaque sit quidem perferendis sunt maxime.', '2018-10-19 11:40:19', '2018-10-19 11:40:19'),
(241, 10, 'Jude Kuhic DDS', 5, 'Quia sint perferendis eligendi voluptatem eos. Sunt illo aliquid facere qui ad corrupti vero. Quis unde et ut nisi quis. Id numquam laboriosam sint possimus.', '2018-10-19 11:40:19', '2018-10-19 11:40:19'),
(242, 41, 'Laron Mueller', 4, 'Officiis neque et expedita animi. Vero qui voluptatem officia qui enim similique vitae impedit. Odit sequi voluptatum aut minima doloremque iusto.', '2018-10-19 11:40:19', '2018-10-19 11:40:19'),
(243, 12, 'Emmy Mills', 4, 'Itaque provident nihil earum sed exercitationem asperiores. Harum inventore omnis molestiae eos autem sapiente. Est autem eum consequuntur ullam a qui.', '2018-10-19 11:40:19', '2018-10-19 11:40:19'),
(244, 35, 'Estefania Simonis', 3, 'Necessitatibus modi placeat nemo. Pariatur quos blanditiis aspernatur officia sint eveniet est maiores.', '2018-10-19 11:40:19', '2018-10-19 11:40:19'),
(245, 35, 'Khalid Anderson', 3, 'Et sint cupiditate rerum voluptatum. Nisi nulla pariatur qui sit ut temporibus ut. Ad molestias beatae libero repellat inventore beatae. Eos aspernatur nulla corrupti aut eius consectetur id explicabo.', '2018-10-19 11:40:19', '2018-10-19 11:40:19'),
(246, 44, 'Elizabeth Gutkowski', 5, 'Molestiae et voluptatem vitae et doloribus similique praesentium soluta. Enim occaecati excepturi ut. Rem neque molestiae voluptas ut repellat omnis adipisci nemo.', '2018-10-19 11:40:19', '2018-10-19 11:40:19'),
(247, 13, 'Nettie Gutmann MD', 1, 'Laborum necessitatibus in illo rerum minus eum iusto fugiat. Quasi inventore qui animi reprehenderit. Dolor qui aut dicta est aspernatur temporibus.', '2018-10-19 11:40:19', '2018-10-19 11:40:19'),
(248, 42, 'Patrick Kautzer I', 4, 'Cumque quibusdam iste eos aspernatur. Laborum quo dicta quae. Consectetur earum tenetur eius repudiandae earum itaque. Sint temporibus reprehenderit amet minus omnis ad impedit.', '2018-10-19 11:40:19', '2018-10-19 11:40:19'),
(249, 1, 'Destany Hyatt', 1, 'Ut iste vel voluptatibus iusto ut accusamus. Et in non ipsum rerum nulla maiores. Harum aliquam id voluptatem eius modi aut et eius.', '2018-10-19 11:40:19', '2018-10-19 11:40:19'),
(250, 50, 'Jorge Paucek', 4, 'Odio consequatur eaque ab iusto temporibus. Aliquam id voluptatem aut.', '2018-10-19 11:40:20', '2018-10-19 11:40:20'),
(251, 22, 'Gillian Hand', 1, 'Occaecati numquam et optio laboriosam consequatur aspernatur aut aliquam. Fuga iusto et saepe occaecati fugit hic sed.', '2018-10-19 11:40:20', '2018-10-19 11:40:20'),
(252, 19, 'Luciano Armstrong II', 1, 'In quod fuga quia nihil mollitia odio soluta ipsam. Excepturi molestiae numquam quo enim. Sunt corporis dolor omnis eum et. Atque nisi labore debitis reiciendis voluptatum.', '2018-10-19 11:40:20', '2018-10-19 11:40:20'),
(253, 40, 'Dr. Riley Waelchi I', 5, 'Impedit ut ipsa veniam voluptatibus vitae. Deserunt enim distinctio ut impedit temporibus pariatur.', '2018-10-19 11:40:20', '2018-10-19 11:40:20'),
(254, 38, 'Ms. Nyah Pouros II', 4, 'Veniam consectetur numquam eius rerum dolores mollitia soluta. Earum saepe ex deleniti quod. Ipsum inventore inventore enim iure numquam rem. Ad et molestias accusantium ratione voluptate saepe.', '2018-10-19 11:40:20', '2018-10-19 11:40:20'),
(255, 34, 'Rocky Gleichner', 5, 'Deleniti saepe occaecati sit rerum iste repudiandae. Aut perspiciatis nulla fuga odio. Magni accusantium deserunt veritatis similique.', '2018-10-19 11:40:20', '2018-10-19 11:40:20'),
(257, 27, 'Rowan Boyle', 5, 'Atque quo ad nesciunt nihil. Voluptatibus vitae incidunt quo adipisci eaque. Qui aut sunt consectetur quod quo.', '2018-10-19 11:40:20', '2018-10-19 11:40:20'),
(258, 47, 'Keara Pouros', 3, 'Iusto ex consectetur tempore autem quaerat rerum. Suscipit voluptatem quis vitae nam iste. Quia voluptatem magnam adipisci exercitationem. Ut ut ab non fugiat quibusdam repudiandae.', '2018-10-19 11:40:20', '2018-10-19 11:40:20'),
(259, 4, 'Morris Franecki', 5, 'Corporis error eum quis quibusdam. Veniam vel id cum eaque totam ut. Necessitatibus ratione aut et aperiam eveniet non. Omnis esse ad fuga beatae libero vitae.', '2018-10-19 11:40:20', '2018-10-19 11:40:20'),
(260, 1, 'Prof. Nichole Rodriguez IV', 1, 'Repudiandae rerum numquam neque qui qui et dolores. Atque minima quia modi voluptas qui dolores aut. Sunt labore numquam ratione recusandae. Est nesciunt repellat et.', '2018-10-19 11:40:20', '2018-10-19 11:40:20'),
(261, 30, 'Werner O''Connell', 3, 'Nemo ut nisi quis necessitatibus adipisci ut. Quam quod ipsum veritatis aperiam soluta delectus enim. Ut ut perferendis minima quidem voluptatibus quo.', '2018-10-19 11:40:20', '2018-10-19 11:40:20'),
(262, 39, 'Jena Halvorson', 1, 'Dolores quam cupiditate repellendus veritatis ut. Iste non velit minima sunt sint perspiciatis. Corrupti corrupti nisi et maxime quia provident.', '2018-10-19 11:40:20', '2018-10-19 11:40:20'),
(263, 45, 'Prof. Jeramy Hickle', 1, 'Cumque error sit quas ad et qui. Maiores autem asperiores eligendi rerum minus. Autem vel voluptatibus quia quidem sint esse.', '2018-10-19 11:40:20', '2018-10-19 11:40:20'),
(264, 47, 'Enid Skiles IV', 1, 'Rerum expedita sapiente libero pariatur qui molestias. Ut nihil et qui nisi accusamus et dicta molestias. Quam repellendus magni enim sint nam rerum perspiciatis. Voluptates eligendi aut sed dicta facilis. Tempora quibusdam in mollitia sit ipsa.', '2018-10-19 11:40:20', '2018-10-19 11:40:20'),
(265, 32, 'Elena Schuppe', 5, 'Quo reiciendis doloribus ut cupiditate consequatur cumque nesciunt. Nisi labore in saepe itaque veniam. Occaecati ea harum magni. Minus deserunt enim sit recusandae esse.', '2018-10-19 11:40:20', '2018-10-19 11:40:20'),
(266, 26, 'Mr. Oral Braun DDS', 3, 'Quam asperiores quos in vero consequatur excepturi voluptas rerum. Vel nesciunt quas aspernatur recusandae.', '2018-10-19 11:40:20', '2018-10-19 11:40:20'),
(267, 46, 'Prof. Haylie Schneider', 5, 'Ad quia aspernatur exercitationem cum temporibus quisquam animi. Odit aut sed numquam. Illum architecto sit itaque amet dolores blanditiis. Facilis velit distinctio molestiae nobis et.', '2018-10-19 11:40:20', '2018-10-19 11:40:20'),
(268, 33, 'Ms. Aniyah Moore DVM', 4, 'Aspernatur ut aspernatur quae quas aut dolorem. Quis incidunt deserunt laudantium rerum consequatur. Tempora occaecati excepturi ut voluptate veniam.', '2018-10-19 11:40:20', '2018-10-19 11:40:20'),
(269, 31, 'Juana Ortiz', 5, 'Explicabo quo et molestiae laboriosam. Et natus temporibus occaecati dolore est atque sequi. Temporibus incidunt inventore deserunt animi maiores excepturi.', '2018-10-19 11:40:20', '2018-10-19 11:40:20'),
(270, 41, 'Misael Hackett', 5, 'Eos perferendis autem fuga aspernatur voluptatibus qui dolorem eaque. Voluptas et quod qui. Facere aut dolorem et et.', '2018-10-19 11:40:20', '2018-10-19 11:40:20'),
(271, 39, 'Fay Lehner', 3, 'Hic sit veniam voluptatem rerum. Ad et quaerat deleniti reprehenderit omnis perferendis. Velit rerum omnis aut. Voluptas minus quisquam officiis.', '2018-10-19 11:40:20', '2018-10-19 11:40:20'),
(272, 38, 'Vernon Pollich', 3, 'Nulla qui animi aliquam sint. Odit et eveniet modi ipsum voluptates voluptatem delectus. Ex sed recusandae delectus iste dolor quod. Necessitatibus aut quam omnis ea iure esse repellendus.', '2018-10-19 11:40:20', '2018-10-19 11:40:20'),
(273, 50, 'Dr. Wyman Murphy IV', 5, 'Possimus saepe excepturi magnam ea molestiae illo reprehenderit. Doloremque voluptates quisquam at atque et rerum quo. Voluptas fugiat ullam omnis neque repellendus aperiam. Doloremque unde consequuntur sed dolor voluptatem natus et et.', '2018-10-19 11:40:20', '2018-10-19 11:40:20'),
(274, 45, 'Jerome Gleichner', 4, 'Aliquam autem et facilis aspernatur fugiat mollitia. Totam dolores in alias quae nam quis. Quos vero voluptas corporis aut dolorem. Aut rerum odit porro nesciunt ut.', '2018-10-19 11:40:20', '2018-10-19 11:40:20'),
(275, 4, 'Keith Legros', 1, 'Fugit quam aut eos rerum vel amet voluptas. Dolorum eos autem accusamus. Sit earum possimus laudantium nostrum omnis velit id non.', '2018-10-19 11:40:20', '2018-10-19 11:40:20'),
(276, 48, 'Miss Katlyn Wehner PhD', 5, 'Ut ut ut et dicta. Veritatis harum molestias et nihil aut. Molestias quis velit nesciunt in qui et. Sit hic harum eos sit et.', '2018-10-19 11:40:20', '2018-10-19 11:40:20'),
(277, 14, 'Mrs. Kailee Strosin', 4, 'Ut nostrum fugiat minus voluptatem est earum. Illum qui incidunt mollitia ut a repudiandae adipisci. Et ut eum et nobis iure. Eveniet accusamus perspiciatis sapiente eligendi. Molestiae enim dolorum praesentium sed est.', '2018-10-19 11:40:20', '2018-10-19 11:40:20'),
(278, 50, 'Mozell Kling', 5, 'Qui velit aspernatur perferendis. Nostrum est rerum temporibus distinctio eum. Quasi in rerum ipsam rerum.', '2018-10-19 11:40:20', '2018-10-19 11:40:20'),
(279, 36, 'Kaya Schumm', 2, 'Eum provident quaerat veritatis natus soluta. Temporibus tempora et deserunt natus libero repellat sit qui. Fugiat earum at sit doloribus.', '2018-10-19 11:40:20', '2018-10-19 11:40:20'),
(280, 40, 'Tamia Adams MD', 3, 'Voluptas qui aut explicabo veritatis facere veniam. Nam voluptatem quia officia in doloribus explicabo. Facere eveniet sit saepe qui. Magni ipsum iste eaque odit odio.', '2018-10-19 11:40:21', '2018-10-19 11:40:21'),
(281, 45, 'Alessandra Towne', 3, 'Omnis incidunt ex voluptates quo tempora dolores in. Fuga asperiores officiis rerum tempore sunt. Voluptas est minima numquam qui aut nihil.', '2018-10-19 11:40:21', '2018-10-19 11:40:21'),
(282, 35, 'Vincenza Johns', 5, 'Nihil qui quaerat quidem quod quisquam et iste. Inventore ducimus voluptates ut voluptates quis animi praesentium. Laudantium est sunt fugiat nihil. Itaque ut non reprehenderit deserunt officia est.', '2018-10-19 11:40:21', '2018-10-19 11:40:21'),
(283, 22, 'Salvatore Gutkowski DVM', 5, 'Incidunt sit eum dolor tempore debitis. Cupiditate ipsa omnis dicta hic cumque est ut. Exercitationem vel culpa minima repellendus quia odit placeat. Et enim ipsa fugiat quam.', '2018-10-19 11:40:21', '2018-10-19 11:40:21'),
(284, 7, 'Leland Abbott', 3, 'Voluptate ea voluptatum ad facilis. Rerum sunt rem iusto voluptas non. Omnis aliquam quae neque dolore voluptates et placeat.', '2018-10-19 11:40:21', '2018-10-19 11:40:21'),
(285, 35, 'Prof. Dora Heaney', 1, 'Perferendis quia cum qui voluptates. Quia amet ipsum repellendus sit nesciunt. Iure et occaecati sint at sint. Dolorem enim quasi optio odit.', '2018-10-19 11:40:21', '2018-10-19 11:40:21'),
(286, 20, 'Dr. Clarissa Tillman V', 5, 'In repellendus quasi molestiae quis omnis harum. Non ipsum aut quisquam vel et magnam molestiae et. Et vel excepturi molestiae consectetur sint delectus soluta eaque.', '2018-10-19 11:40:21', '2018-10-19 11:40:21'),
(287, 5, 'Mario Lueilwitz', 1, 'Et ipsum delectus quia molestias incidunt. Quae expedita voluptatem quibusdam aut. Dicta est exercitationem quo quo beatae totam.', '2018-10-19 11:40:21', '2018-10-19 11:40:21'),
(288, 16, 'Reyes Hartmann', 1, 'Libero magnam id qui molestias et molestiae. Est rem magnam aut quia mollitia possimus distinctio. Consectetur rerum tempore quidem neque soluta eos. Accusamus quam consectetur sunt sapiente. Sit iste a impedit aspernatur et autem.', '2018-10-19 11:40:21', '2018-10-19 11:40:21'),
(289, 6, 'Jameson Conn III', 5, 'Tempore harum sed quia. Architecto explicabo aperiam itaque itaque est minima saepe molestiae.', '2018-10-19 11:40:21', '2018-10-19 11:40:21'),
(290, 7, 'Stephania Hoppe', 4, 'Voluptates ex expedita pariatur dolorem deleniti in. Doloribus sit dolor nobis dolores aperiam. Ut recusandae fugit sint et.', '2018-10-19 11:40:21', '2018-10-19 11:40:21'),
(291, 47, 'Charley Doyle DDS', 1, 'Ut quod reprehenderit nobis sit libero temporibus velit. Provident totam sit et dolor. Natus eligendi reprehenderit perferendis voluptatem ut.', '2018-10-19 11:40:21', '2018-10-19 11:40:21'),
(292, 18, 'Carmelo Bahringer', 2, 'Consequatur at ipsam autem aut. Sed itaque animi et eaque.', '2018-10-19 11:40:21', '2018-10-19 11:40:21'),
(293, 45, 'Ernesto Ryan', 5, 'Iusto id dicta molestias rerum odit accusantium qui. Et ut aut repellendus ipsa dolorem minus exercitationem.', '2018-10-19 11:40:21', '2018-10-19 11:40:21'),
(294, 30, 'Susanna Gerlach', 2, 'Laudantium itaque nulla non eos voluptas. Non sed quidem occaecati deserunt sint ipsa. Id voluptas vel ut repellendus qui numquam et.', '2018-10-19 11:40:21', '2018-10-19 11:40:21'),
(295, 34, 'Austen Greenholt', 1, 'Commodi doloribus vel excepturi quae omnis incidunt. Et illum numquam et voluptates ab.', '2018-10-19 11:40:21', '2018-10-19 11:40:21'),
(296, 11, 'Prof. Brycen Rowe', 2, 'Voluptas aspernatur deserunt impedit quas ut assumenda quam. Sit corporis architecto eum. Officia ut aspernatur minus eum corrupti ipsam.', '2018-10-19 11:40:21', '2018-10-19 11:40:21'),
(297, 10, 'Josefina Larson', 1, 'Corporis et dignissimos enim consequatur saepe error. Aliquid aut asperiores sed aut qui est. Nemo fugit voluptatem magni. Consequatur eum quia iusto adipisci. Repellendus porro ut consequatur rerum.', '2018-10-19 11:40:21', '2018-10-19 11:40:21'),
(298, 6, 'Hobart Kuvalis', 2, 'Vel deleniti reprehenderit id reiciendis dolorem. Blanditiis nihil omnis pariatur dolores aliquid. In et ullam consequuntur dolorem sed repudiandae esse. Vero natus iusto nulla eum nihil totam ut.', '2018-10-19 11:40:21', '2018-10-19 11:40:21'),
(299, 14, 'Lacy Weissnat', 4, 'Ipsam ipsum veniam possimus ea quia voluptatem. Sit deserunt amet veritatis quasi vel. Earum est recusandae dolorem maxime neque veniam omnis sequi.', '2018-10-19 11:40:21', '2018-10-19 11:40:21'),
(300, 30, 'Mrs. Christine Spencer', 1, 'Aut est possimus omnis tempore maiores sunt dolores. In modi explicabo enim sed quidem similique voluptas repudiandae. Saepe quibusdam quae sunt hic id dicta. Est in qui enim libero aliquam exercitationem. Porro rerum soluta perferendis itaque.', '2018-10-19 11:40:21', '2018-10-19 11:40:21'),
(303, 1, 'Shahab', 3, 'My Review.', '2018-10-19 13:22:14', '2018-10-19 13:22:14');

-- --------------------------------------------------------

--
-- Table structure for table `users`
--

CREATE TABLE `users` (
  `id` int(10) UNSIGNED NOT NULL,
  `name` varchar(191) COLLATE utf8mb4_unicode_ci NOT NULL,
  `email` varchar(191) COLLATE utf8mb4_unicode_ci NOT NULL,
  `password` varchar(191) COLLATE utf8mb4_unicode_ci NOT NULL,
  `remember_token` varchar(100) COLLATE utf8mb4_unicode_ci DEFAULT NULL,
  `created_at` timestamp NULL DEFAULT NULL,
  `updated_at` timestamp NULL DEFAULT NULL
) ENGINE=InnoDB DEFAULT CHARSET=utf8mb4 COLLATE=utf8mb4_unicode_ci;

--
-- Dumping data for table `users`
--

INSERT INTO `users` (`id`, `name`, `email`, `password`, `remember_token`, `created_at`, `updated_at`) VALUES
(1, 'Clifford Grimes DVM', 'louvenia30@example.com', '$2y$10$TKh8H1.PfQx37YgCzwiKb.KjNyWgaHb9cbcoQgdIVFlYg7B77UdFm', 'uxcErWmeEx', '2018-10-19 11:40:06', '2018-10-19 11:40:06'),
(2, 'Jamison Runte MD', 'arianna.mraz@example.com', '$2y$10$TKh8H1.PfQx37YgCzwiKb.KjNyWgaHb9cbcoQgdIVFlYg7B77UdFm', 'XMijgCdUVE', '2018-10-19 11:40:06', '2018-10-19 11:40:06'),
(3, 'Addie Haag', 'laisha.grimes@example.org', '$2y$10$TKh8H1.PfQx37YgCzwiKb.KjNyWgaHb9cbcoQgdIVFlYg7B77UdFm', 'JqlyDpEuHp', '2018-10-19 11:40:06', '2018-10-19 11:40:06'),
(4, 'Ally Erdman Sr.', 'zemlak.dandre@example.com', '$2y$10$TKh8H1.PfQx37YgCzwiKb.KjNyWgaHb9cbcoQgdIVFlYg7B77UdFm', 'lpYkZds5kg', '2018-10-19 11:40:06', '2018-10-19 11:40:06'),
(5, 'Vernie Kulas I', 'kristian51@example.org', '$2y$10$TKh8H1.PfQx37YgCzwiKb.KjNyWgaHb9cbcoQgdIVFlYg7B77UdFm', 'eIcq7aR3vT', '2018-10-19 11:40:06', '2018-10-19 11:40:06');

--
-- Indexes for dumped tables
--

--
-- Indexes for table `migrations`
--
ALTER TABLE `migrations`
  ADD PRIMARY KEY (`id`);

--
-- Indexes for table `oauth_access_tokens`
--
ALTER TABLE `oauth_access_tokens`
  ADD PRIMARY KEY (`id`),
  ADD KEY `oauth_access_tokens_user_id_index` (`user_id`);

--
-- Indexes for table `oauth_auth_codes`
--
ALTER TABLE `oauth_auth_codes`
  ADD PRIMARY KEY (`id`);

--
-- Indexes for table `oauth_clients`
--
ALTER TABLE `oauth_clients`
  ADD PRIMARY KEY (`id`),
  ADD KEY `oauth_clients_user_id_index` (`user_id`);

--
-- Indexes for table `oauth_personal_access_clients`
--
ALTER TABLE `oauth_personal_access_clients`
  ADD PRIMARY KEY (`id`),
  ADD KEY `oauth_personal_access_clients_client_id_index` (`client_id`);

--
-- Indexes for table `oauth_refresh_tokens`
--
ALTER TABLE `oauth_refresh_tokens`
  ADD PRIMARY KEY (`id`),
  ADD KEY `oauth_refresh_tokens_access_token_id_index` (`access_token_id`);

--
-- Indexes for table `password_resets`
--
ALTER TABLE `password_resets`
  ADD KEY `password_resets_email_index` (`email`);

--
-- Indexes for table `products`
--
ALTER TABLE `products`
  ADD PRIMARY KEY (`id`),
  ADD KEY `products_user_id_index` (`user_id`);

--
-- Indexes for table `reviews`
--
ALTER TABLE `reviews`
  ADD PRIMARY KEY (`id`),
  ADD KEY `reviews_product_id_index` (`product_id`);

--
-- Indexes for table `users`
--
ALTER TABLE `users`
  ADD PRIMARY KEY (`id`),
  ADD UNIQUE KEY `users_email_unique` (`email`);

--
-- AUTO_INCREMENT for dumped tables
--

--
-- AUTO_INCREMENT for table `migrations`
--
ALTER TABLE `migrations`
  MODIFY `id` int(10) UNSIGNED NOT NULL AUTO_INCREMENT, AUTO_INCREMENT=27;
--
-- AUTO_INCREMENT for table `oauth_clients`
--
ALTER TABLE `oauth_clients`
  MODIFY `id` int(10) UNSIGNED NOT NULL AUTO_INCREMENT, AUTO_INCREMENT=3;
--
-- AUTO_INCREMENT for table `oauth_personal_access_clients`
--
ALTER TABLE `oauth_personal_access_clients`
  MODIFY `id` int(10) UNSIGNED NOT NULL AUTO_INCREMENT, AUTO_INCREMENT=2;
--
-- AUTO_INCREMENT for table `products`
--
ALTER TABLE `products`
  MODIFY `id` int(10) UNSIGNED NOT NULL AUTO_INCREMENT, AUTO_INCREMENT=51;
--
-- AUTO_INCREMENT for table `reviews`
--
ALTER TABLE `reviews`
  MODIFY `id` int(10) UNSIGNED NOT NULL AUTO_INCREMENT, AUTO_INCREMENT=304;
--
-- AUTO_INCREMENT for table `users`
--
ALTER TABLE `users`
  MODIFY `id` int(10) UNSIGNED NOT NULL AUTO_INCREMENT, AUTO_INCREMENT=6;
--
-- Constraints for dumped tables
--

--
-- Constraints for table `products`
--
ALTER TABLE `products`
  ADD CONSTRAINT `products_user_id_foreign` FOREIGN KEY (`user_id`) REFERENCES `users` (`id`) ON DELETE CASCADE;

--
-- Constraints for table `reviews`
--
ALTER TABLE `reviews`
  ADD CONSTRAINT `reviews_product_id_foreign` FOREIGN KEY (`product_id`) REFERENCES `products` (`id`) ON DELETE CASCADE;

/*!40101 SET CHARACTER_SET_CLIENT=@OLD_CHARACTER_SET_CLIENT */;
/*!40101 SET CHARACTER_SET_RESULTS=@OLD_CHARACTER_SET_RESULTS */;
/*!40101 SET COLLATION_CONNECTION=@OLD_COLLATION_CONNECTION */;
